,mutations_made,ddG,adj_ddG,dhbonds,delta_fa_atr,delta_fa_rep,delta_fa_elec,delta_fa_sol,delta_hbond_E,delta_rama,delta_fa_dun,delta_p_aa_pp,delta_ref
151,L241I_N242N,-2.18366011179,-1.92746111785,1,-0.318293959788,-0.47699497118,-0.967454085798,-0.581696371323,-1.4826692954,0.0745892342976,0.506270722854,0.170703895284,0.638944
391,L241Y_N242N,-1.71290082879,-1.45670183485,3,-1.77759325671,-0.926744512882,-0.106023881042,-0.724256356585,-1.13393029585,-0.142117713579,4.14398368235,0.118022402603,-1.197264
385,L241Y_N242G,-1.667109695,-1.41091070107,1,6.15239713715,-1.87820617217,0.919975219446,-6.51521291804,-0.0310399910437,-0.478045208374,-0.938072966503,-0.489125947667,1.531748
305,L241S_N242G,-1.46342443809,-1.20722544415,0,11.4283126435,-1.7233686983,0.453995195992,-8.6680851326,-0.115592546069,-0.238397402386,-3.61928401401,-0.477811506082,1.537522
145,L241I_N242G,-1.43881493186,-1.18261593792,0,7.01436580847,-1.41273155185,0.498968673348,-6.50215004222,-0.442586489381,-0.310684434806,-3.24708829457,-0.425214942215,3.367956
5,L241A_N242G,-1.35854690345,-1.10234790951,0,11.3313925005,-1.85594700454,0.963488189046,-8.99370448755,-0.0884072355648,-0.472315657823,-4.25638343339,-0.702035478772,2.75424
65,L241E_N242G,-1.276798023,-1.02059902906,0,9.72513196493,-2.20709242799,0.629335386008,-6.37970751302,0.0963387221183,-0.438056509527,0.735703503325,-0.692942543657,-2.715124
345,L241V_N242G,-1.25724443035,-1.00104543641,1,9.99471635979,-2.02539926846,0.463917115737,-7.46657382573,-0.657556446938,-0.377788330139,-3.98785347188,-0.471145675204,3.166044
105,L241G_N242G,-1.11972583209,-0.863526838148,0,12.3033872491,-2.423249103,1.13416008501,-10.2873763451,-0.429899846001,0.458728246718,-4.46059576367,1.02066738613,1.553408
25,L241C_N242G,-1.05999563282,-0.803796638882,0,10.8370106614,-1.54541185718,0.950173894432,-8.82475740227,-0.103654927934,-0.432271411561,-3.64926110733,-0.349814201927,2.094342
185,L241L_N242G,-1.00865949237,-0.752460498431,0,8.93633946408,-1.83505671198,0.832307147496,-7.11807375819,-0.198518796014,-0.324844001377,-3.47490153701,-0.536543095646,2.729012
165,L241K_N242G,-1.0031386628,-0.746939668858,0,9.71630781556,-1.98103910882,0.809547969348,-6.97489022146,0.302001383732,-0.41481309543,-2.23038497605,-0.690764667834,0.489608
265,L241Q_N242G,-0.859380534595,-0.603181540656,0,9.47921513137,-2.10244589171,0.597644629626,-6.70423690617,-0.137762215445,-0.324657522076,0.648424118,-0.454855297173,-1.827584
262,L241Q_N242D,-0.836268691153,-0.580069697214,2,-0.0351764143697,-0.0226131434947,-2.57387463085,1.88926207963,-1.08443582332,0.521244256715,4.95268086631,0.957258724672,-5.434276
325,L241T_N242G,-0.833537069306,-0.577338075367,0,10.4776965685,-1.81750541702,0.286611611507,-6.59894833975,0.122050937416,-0.223724260712,-4.11534702508,-0.549909761639,1.609436
285,L241R_N242G,-0.729653735893,-0.473454741954,1,7.04572328912,-1.65906301113,0.346693187409,-4.74958584293,-1.27345828849,-0.363521966074,-0.145876324299,-0.462871617792,0.558036
331,L241T_N242N,-0.66724057607,-0.411041582131,2,4.65338574662,-1.32443186608,-0.697228059339,-1.38394749828,-0.822871796711,0.084841777159,-0.13307062834,0.0178395795909,-1.119576
205,L241M_N242G,-0.627768531312,-0.371569537373,1,6.7790045891,-1.12425247773,0.469273124621,-6.80007336225,-0.130594058841,-0.388596493854,-1.29409631023,-0.0133607187611,1.70571
382,L241Y_N242D,-0.464798301194,-0.208599307255,3,-2.59910004887,-0.536928095568,-0.567458099805,0.528100851001,-0.953375724777,0.370443124326,4.30027967645,1.00366246592,-2.074944
71,L241E_N242N,-0.46168982542,-0.205490831481,1,3.0218117813,-1.14978060006,-0.437713720919,-0.597432355245,-0.423619616983,-0.121488528839,4.85286532099,-0.135165027157,-5.444136
45,L241D_N242G,-0.445148361136,-0.188949367197,1,10.0175965884,-2.65300520647,1.53113057758,-5.85944050171,-0.515641878271,-0.43397651319,0.267856433995,-0.813905446663,-2.053284
11,L241A_N242N,-0.422834780918,-0.166635786979,0,5.3688604749,-1.23652765173,0.0294770109918,-3.65237334502,0.312483415427,-0.151525785115,-0.934388185182,-0.153338434182,0.025228
91,L241F_N242N,-0.320040474714,-0.0638414807751,3,-0.494311340583,-1.46257733941,0.143255990347,-1.35910606076,-1.27139657421,-0.158566049686,4.31427279715,0.223442726305,-0.283516
191,L241L_N242N,-0.256198993939,0.0,2,1.81677484254,-0.66560652954,0.216330311565,-1.52082059329,-0.675944939138,-0.0158713795776,0.536507999464,0.0114416191202,0.0
171,L241K_N242N,-0.220443094384,0.0357558995549,1,3.27746198422,-1.32617286687,-0.0925309819758,-1.28473895694,-0.1832699603,-0.097569426175,1.88851129507,-0.137671995568,-2.239404
291,L241R_N242N,-0.204466439036,0.0517325549035,1,0.154520999108,-0.900839810527,-0.649717749094,1.40080909704,-1.12529491615,-0.0476119637819,3.07012076803,0.0733568450494,-2.170976
271,L241Q_N242N,-0.168393684809,0.08780530913,2,1.45772405834,-0.921909734929,-0.336191075019,-0.0886093013578,-0.579949879229,-0.00536886763101,4.79019461842,0.0979964280117,-4.556596
311,L241S_N242N,-0.154772957879,0.101426036061,0,5.02943674833,-1.26477707147,-0.81380928796,-1.62126381501,-0.100336908491,0.0742329624702,-0.307547685868,0.0726828344219,-1.19149
225,L241N_N242G,0.0236878793052,0.279886873244,2,9.33127560442,-2.14157230267,1.13367413822,-5.77387273929,-0.720544269244,-0.118989174316,-0.057660151718,-0.415820922779,-1.175604
6,L241A_N242H,0.254920175508,0.511119169447,0,3.22526997599,-1.21372118455,0.347224274393,-3.98586771263,-0.197263057669,0.18411208485,-1.49815878213,0.238443280454,3.184184
31,L241C_N242N,0.258940446751,0.51513944069,0,3.79985782148,-0.482559923739,-0.319780368528,-2.07399035441,0.342959674417,-0.112243641739,-0.42661530897,0.189939068448,-0.63467
85,L241F_N242G,0.306785255272,0.562984249211,0,7.13426469663,-1.97708927091,1.16618755749,-6.79764911257,-0.182042175216,-0.462000302252,-0.674116558493,-0.36966230379,2.445496
351,L241V_N242N,0.333954307112,0.590153301051,2,2.92342741448,-0.48596610881,-0.550295328972,-1.79936696065,-0.655029418431,-0.00678028308601,0.311479921444,0.112193311838,0.437032
125,L241H_N242G,0.385869005796,0.642067999735,0,8.07026141657,-1.63068008404,1.63694341252,-6.97749802146,-0.255567639407,-0.401216256859,-1.35920953629,-0.6525227277,1.983352
19,L241A_N242Y,0.396993869389,0.653192863328,1,0.892259418911,-0.34743688222,0.336169841372,-4.08570911107,0.00793512790568,0.362915078907,-0.841053368774,1.28540717216,2.73258
306,L241S_N242H,0.4105356217,0.666734615639,2,0.658235322863,-0.800914940363,-1.10636009093,-0.691785520253,-0.799901978084,0.393943962832,0.259837241692,0.466525552031,1.967466
111,L241G_N242N,0.430283249238,0.686482243177,0,5.19491446739,-0.323503849205,-0.400332179083,-3.98725598469,-0.211230779055,0.817695090565,-1.04672521045,1.56433514864,-1.175604
211,L241M_N242N,0.532702217449,0.788901211388,0,1.93014239068,-1.6908223573,0.0367834280903,-1.57461155409,0.416010730236,0.0102257455737,1.80995817049,0.549029451893,-1.023302
302,L241S_N242D,0.682384122115,0.938583116054,0,5.24884966427,-0.998951203852,-1.76175911364,-1.45236392339,-0.0971521359939,0.600714936926,0.290834058192,0.940615382497,-2.06917
2,L241A_N242D,0.925976153978,1.18217514792,0,5.58611514455,-0.932127698824,-0.451602482249,-3.08233242499,-0.150723736377,0.37630103931,-0.248118228111,0.709729494441,-0.852452
399,L241Y_N242Y,0.927926347507,1.18412534145,4,-11.8734906575,2.03781231308,0.270150454362,-0.888799028839,-1.99235639481,0.701972821338,8.53427453764,0.384461936527,1.510088
142,L241I_N242D,0.939334478349,1.19553347229,0,-0.415992941196,-0.0419808908934,-1.61473902895,1.08579126359,-0.177721057547,0.538678158089,0.827906155922,0.917049668333,-0.238736
282,L241R_N242D,0.947682687072,1.20388168101,1,1.16909448392,-1.27919104882,-1.6138838095,1.69260795043,-1.15798008594,0.477634368641,3.7661213587,0.951351522851,-3.048656
342,L241V_N242D,1.05121371417,1.30741270811,0,1.71848735925,-0.0674530887105,-1.75209226002,0.327919644242,-0.289071612487,0.50131689965,-0.0297067593419,0.888021307491,-0.440648
162,L241K_N242D,1.09494560352,1.35114459746,1,1.82015741945,-0.702701536338,-2.9052883443,2.02812545416,0.256199214128,0.430922163597,2.57876384351,0.719940874168,-3.117084
99,L241F_N242Y,1.15516971465,1.41136870859,4,-11.8254002117,2.88771664413,0.0472992352996,-1.80200081729,-2.43344226625,0.684950725462,8.52995133206,0.921525009749,2.423836
299,L241R_N242Y,1.17099231203,1.42719130596,3,-7.71500736292,1.35209944434,-1.07039503711,3.52503246834,-1.27736408777,0.474833864345,3.73380840039,1.53808040434,0.536376
4,L241A_N242F,1.25835848669,1.51455748063,1,0.459023487854,0.108758223133,0.483767545479,-4.03919043232,-0.259439708516,0.344688845335,-0.93695456909,1.38231005102,3.646328
380,L241Y_N242A,1.28685700528,1.54305599922,1,1.70934278184,-0.498825674722,0.194162494113,-4.53423586105,-0.277430577886,0.766677837288,-0.92119629196,2.07029759188,2.73258
286,L241R_N242H,1.32030126316,1.5765002571,1,-4.04598876432,0.0886848640678,-0.928741839094,2.25094916948,-0.873147727117,0.290587682453,3.07403727201,0.475216394101,0.98798
379,L241W_N242Y,1.34641176121,1.60261075515,3,-13.841750359,2.18362482393,-0.0193251135054,1.52544215409,-2.96703973499,0.660790936353,7.64576345082,0.293622336337,3.653356
199,L241L_N242Y,1.40445318887,1.66065218281,1,-5.00935298883,2.91682524164,0.144121745428,-1.82207221974,-0.406422095872,0.493757774519,0.456899089504,1.47721706552,2.707352
322,L241T_N242D,1.40502554628,1.66122454021,0,4.06103865013,-0.796380526765,-1.56334788954,0.333736245557,-0.0880584018381,0.61951116319,-0.020879392683,0.861845833551,-1.997256
131,L241H_N242N,1.4441341697,1.70033316364,1,-1.06290275175,-0.567546407248,0.0308268608383,0.571830492251,-0.556440961028,-0.088990471712,3.99004470122,-0.0994257673099,-0.74566
62,L241E_N242D,1.44871947068,1.70491846462,0,1.96839900957,-0.688648358738,-0.702287465235,1.24677997011,-0.00263746873736,0.406337886978,4.83229740058,0.724100094024,-6.321816
13,L241A_N242Q,1.46846814243,1.72466713637,0,7.51789480276,-1.27265774198,1.01423974846,-6.26913429474,-0.138066482554,0.386142869459,0.0100502010325,0.874622628086,-0.626752
219,L241M_N242Y,1.48755300315,1.74375199709,0,-5.6965970344,1.73795638824,-0.123617328965,-0.741333156423,-0.531386600582,0.531818633776,2.48808432007,2.03670570923,1.68405
313,L241S_N242Q,1.49358365676,1.7497826507,0,6.99389756445,-1.08764602299,0.00245140237885,-4.70029300086,-0.197596649932,0.613140665724,0.641872969852,1.0980707803,-1.84347
231,L241N_N242N,1.61699806237,1.87319705631,1,-0.0427386064689,-0.625448588318,0.0265801223166,2.32436399176,-0.0863787110526,0.195676219491,3.61557291874,0.141181801935,-3.904616
182,L241L_N242D,1.68038972887,1.93658872281,0,1.60797645278,-0.972660482989,-0.92476311964,1.04135968989,-0.118857845769,0.517981414449,0.524654172246,0.883074103382,-0.87768
8,L241A_N242K,1.73880573107,1.99500472501,0,7.76779395047,-1.59309369337,1.17952947546,-6.69616203493,-0.14966244115,0.398603673712,-1.77212929917,0.936772373399,1.69044
82,L241F_N242D,1.75508302104,2.01128201498,2,-3.90286711107,-0.359262093749,-0.589264528209,2.5073122984,-0.7876296472,0.358696924682,4.51698664588,1.08242628845,-1.161196
184,L241L_N242F,1.82577116224,2.08197015618,1,-2.40860932189,1.07000408494,0.701043431882,-3.68832263159,-0.322282557031,0.475477226643,0.343264658469,1.58010297097,3.6211
22,L241C_N242D,1.82827509837,2.08447409231,0,3.94871588264,-0.70826798579,-0.570048294606,-1.55769553931,0.336359106966,0.407426609624,0.436971631819,1.06574142364,-1.51235
206,L241M_N242H,1.83650485376,2.0927038477,0,-3.80541771257,0.307032835598,-0.180312526588,-0.222546768468,-0.13446452229,0.350146516377,2.39649887291,0.94268831264,2.135654
106,L241G_N242H,1.89469230704,2.15089130098,0,2.19274332459,0.248043615987,-0.240150583331,-3.51716806831,-0.251537599152,1.16024987227,-1.59506274877,1.95677764351,1.983352
381,L241Y_N242C,1.90795644452,2.16415543846,1,-3.4697798609,1.58057155758,0.269492714058,-0.088916715491,-0.804458165551,0.60419974104,0.197043854839,1.2266927302,2.072682
73,L241E_N242Q,1.91740344601,2.17360243995,3,1.52614766504,0.315425347324,-0.704230020624,-0.813201351197,-1.00427016562,0.396280507355,7.23993035725,0.925439049717,-6.096116
161,L241K_N242C,1.92615281798,2.18235181191,0,5.30818114706,-0.905556518474,0.35361002901,-3.38345396264,-0.171752985994,0.632535956662,-2.14133698317,1.22337774166,1.030542
51,L241D_N242N,1.94693896657,2.20313796051,0,1.92739112963,-1.60215328454,0.304752902918,2.04880121608,0.0566656512877,-0.0435483479457,4.2832486404,-0.219924946524,-4.782296
341,L241V_N242C,1.95453230891,2.21073130285,1,3.64792334937,0.516193261626,-0.199154319469,-3.11134913125,-0.628495764316,0.744550256776,-4.14980100391,1.20391421048,3.706978
371,L241W_N242N,1.98666213705,2.24286113099,3,-0.900039688518,-1.35455331173,0.0133091595051,-0.183728450493,-1.48850165504,-0.140948987905,5.0626667989,-0.0469992525167,0.946004
364,L241W_N242F,2.03169710534,2.28789609928,0,-5.83467192906,0.746823015904,2.7958478015,-7.9327597014,-2.13754007348,0.54513973354,7.98512150424,0.211855122383,4.567104
202,L241M_N242D,2.08531032333,2.34150931727,0,0.347500030776,-0.209999139873,-1.03597109578,0.104216685286,0.293318594966,0.531685734167,2.45395482186,1.44353189013,-1.900982
33,L241C_N242Q,2.11393529975,2.37013429369,0,6.16891829766,-0.43281600418,0.748733079275,-5.2366198064,-0.089146170592,0.420661006191,0.611698055078,1.23102061889,-1.28665
308,L241S_N242K,2.11617026425,2.37236925819,0,6.80465257054,-1.11752609187,0.209522056804,-4.68521416026,-0.192143704388,0.626673748333,-1.13733205027,1.15709854956,0.473722
273,L241Q_N242Q,2.1222296357,2.37842862964,1,-0.140042856939,1.17983414286,0.519208115723,-0.562742452974,-1.03261337242,0.519456384889,5.60159156691,1.1302295435,-5.208576
102,L241G_N242D,2.12964488127,2.38584387521,0,6.73101055186,-0.861493137635,-0.671729909102,-4.44150891937,0.103631667375,1.33365898463,-0.389386604902,2.4048023681,-2.053284
251,L241P_N242N,2.14014681287,2.39634580681,-1,4.18426588091,1.47870628442,0.449079892978,-3.55795269019,0.39416852641,-0.371066078419,1.56259602721,-0.264896593102,-2.023226
301,L241S_N242C,2.14332291392,2.39952190786,0,7.52100044368,-0.894236452756,-0.0273618873836,-5.14258665327,-0.0801588652267,0.80503015122,-3.52730350965,1.437060603,2.078456
226,L241N_N242H,2.21067745218,2.46687644612,2,-2.9228925952,-0.323490043047,0.419844113294,1.69274813391,-0.373155266399,0.52980467646,3.3910499272,0.501956982461,-0.74566
266,L241Q_N242H,2.25268076129,2.50887975523,1,-3.67311636937,1.43715748475,-0.617558094823,1.00168810459,-0.319111743564,0.340742746317,5.01374609799,0.461164912807,-1.39764
326,L241T_N242H,2.26609835229,2.52229734623,1,0.609586845229,0.081311756657,-0.556526110983,-1.03966842273,-0.490330770088,0.414656875518,0.561836105958,0.364621375681,2.03938
166,L241K_N242H,2.34872363192,2.60492262586,0,-3.90530538503,0.320450918422,-0.061867709996,2.01973405495,-0.396149826938,0.22832559823,2.88145496617,0.243554399602,0.919552
61,L241E_N242C,2.35324359082,2.60944258476,0,5.13965190598,-0.880340839907,0.491463657292,-3.00031188142,0.137656306905,0.608814970104,0.829494029615,1.22462639361,-2.17419
365,L241W_N242G,2.35633251708,2.61253151102,0,6.95436965156,-2.04994225447,0.953383719978,-6.12579729454,-0.122966758693,-0.449032041594,0.140010388743,-0.642017594682,3.675016
1,L241A_N242C,2.37519565081,2.63139464475,0,8.23946723706,-1.27285322181,0.965410948725,-6.65969195471,0.223173919384,0.576572715012,-4.1631165399,1.20764848565,3.295174
319,L241S_N242Y,2.43245847902,2.68865747296,0,1.9322258504,-0.869416129846,-0.0761309488071,-2.31195685245,-0.0419531515841,0.605035346237,0.158671132549,1.48543631932,1.515862
155,L241I_N242S,2.44143776037,2.69763675431,0,4.32509771639,-1.00989129271,0.237091328446,-3.24653676036,-0.57950233557,0.998330415671,-3.29656939186,1.43760384742,3.35207
141,L241I_N242C,2.53006945194,2.78626844588,0,2.12204676177,0.461045948161,-0.0151872759395,-2.71069828278,-0.264767958025,0.756614394908,-3.17881896778,1.40671585477,3.90889
193,L241L_N242Q,2.53846965897,2.79466865291,1,1.74786129067,1.80887371961,0.778871036736,-3.35743577923,-0.245802297808,0.506857401958,0.706538530778,1.02102531522,-0.65198
279,L241Q_N242Y,2.57169889872,2.82789789266,1,-4.57343005128,1.21159900752,0.0835488172461,0.918988710466,-0.934274439404,0.507713177787,5.39367106979,1.54253528154,-1.849244
39,L241C_N242Y,2.57551378532,2.83171277926,1,-0.858013791864,1.29194422756,0.213863274577,-2.24719203403,-0.264007213756,0.393247515944,0.132822209367,1.68910869238,2.072682
261,L241Q_N242C,2.61244811078,2.86864710472,0,4.94085350799,-0.857599281628,0.387661101044,-3.38918600388,-0.0895511183349,0.725496961833,0.748148170852,1.45961607436,-1.28665
10,L241A_N242M,2.62258240867,2.87878140261,0,8.10578816554,-1.50861579614,0.970715370563,-6.62286773682,-0.0288478043424,0.408683706488,-2.8525120564,1.26817626301,2.906542
186,L241L_N242H,2.62472028706,2.880919281,0,-1.50928590919,0.859785675955,0.371369759612,-1.60061479912,0.369901538372,0.346005091434,0.245890202418,0.380772794409,3.158956
113,L241G_N242Q,2.64330877733,2.89950777127,0,6.59438796372,0.0286240913089,0.739038425563,-6.40509846039,-0.323350778902,1.35577804224,-0.0970565242205,2.60847418025,-1.827584
281,L241R_N242C,2.64937064076,2.9055696347,1,2.90866198677,-0.808657119924,0.0847047089094,-1.55249792063,-1.13899180099,0.680229365948,-0.054339700249,1.45006885931,1.09897
181,L241L_N242C,2.65097115503,2.90717014897,0,5.36662257955,-1.21263020148,0.688842378393,-4.06663845076,-0.107061882805,0.723484638311,-3.37537846701,1.37830263488,3.269946
3,L241A_N242E,2.68851764158,2.94471663552,0,7.55226174963,-1.34411020029,0.830903995218,-6.12891542816,-0.182966886685,0.550151806449,1.53423699777,1.41772024064,-1.514292
21,L241C_N242C,2.69442574889,2.95062474282,0,7.19924544162,-0.93250873835,0.830169311762,-5.60656724564,-0.0203079291115,0.612897615967,-3.55633362559,1.56738964333,2.635276
201,L241M_N242C,2.69661152192,2.95281051586,1,3.52680962319,-0.522119376268,0.602373022587,-4.32688873961,-0.119566837078,0.743543435934,-1.38047549381,1.85734735924,2.246644
275,L241Q_N242S,2.7291471942,2.98534618814,3,5.88902888085,-0.299880809579,0.232930324627,-3.52792370582,-1.24490176778,0.937765705062,0.967001879827,1.55906215687,-1.84347
79,L241E_N242Y,2.777051738,3.03325073194,2,-5.32452092383,1.21710439365,-1.02424073342,2.6568654837,-0.531092575417,0.378167640393,6.49729753066,1.40538571408,-2.736784
66,L241E_N242H,2.78894105901,3.04514005295,0,-3.36821480523,0.928800337245,-0.604061508937,1.70279117244,0.357108386081,0.221474782198,5.59665828396,0.238406833047,-2.28518
245,L241P_N242G,2.82116395164,3.07736294558,-1,9.69191135346,1.02034483116,1.81163015764,-8.79174437587,0.663410647519,-0.608347546308,-1.44912469198,-0.814676576212,0.705786
310,L241S_N242M,2.85951717558,3.11571616952,0,7.33633361619,-1.00127050213,0.12949123901,-5.01090630343,-0.183316226936,0.638592681009,-2.2107659319,1.5001678884,1.689824
160,L241K_N242A,2.87282353727,3.12902253121,0,7.1807080773,-1.16955730899,0.21352240918,-5.31709523646,-0.114862243008,0.805594082113,-2.23485179206,1.84400793045,1.69044
321,L241T_N242C,2.87909872067,3.13529771461,0,6.77271595563,-0.831260999258,-0.167810138852,-3.48785982262,0.305778175734,0.819621726928,-4.03459758088,1.36429349556,2.15037
70,L241E_N242M,2.89723916601,3.15343815995,1,4.95384742412,-0.261016319547,0.47422258254,-3.69801752661,-0.478443333228,0.426116425891,2.64315453976,1.10268519965,-2.562822
353,L241V_N242Q,2.9163444858,3.17254347974,1,3.43143100297,1.50253296814,0.465689244697,-4.14183132575,-0.53061410024,0.486894300341,0.51266412114,1.05688015625,-0.214948
80,L241F_N242A,2.94010638661,3.19630538054,1,3.02314365489,-1.13088418051,0.453367221139,-5.34017367407,0.102128799352,0.744038473618,-0.791095845966,2.17657290913,3.646328
390,L241Y_N242M,2.9531913896,3.20939038353,1,-3.33972710612,2.31944632972,0.645367977971,-1.94335661515,-0.167500937877,0.419961133888,1.73242852613,1.42063702505,1.68405
222,L241N_N242D,2.97908331074,3.23528230468,1,1.13386583853,-1.12799225659,-0.573752084427,2.47230662264,-0.199780861302,0.720807227838,4.35468423838,1.01059443373,-4.782296
24,L241C_N242F,2.99819719018,3.25439618411,1,-0.156330214446,0.415608080124,0.474094446278,-2.60581952577,-0.545101819889,0.376750218837,0.0338997304664,1.80941052148,2.98643
28,L241C_N242K,3.00288852626,3.25908752019,0,4.39866501883,0.316743598424,0.499778592094,-4.19831789192,0.113768993517,0.422342135144,-0.935026773609,1.31116817309,1.030542
60,L241E_N242A,3.00430324069,3.26050223462,0,7.53241375966,-1.56064471036,0.242293987623,-5.20549546517,0.181581660596,0.781994085904,0.733912764095,1.84095353829,-1.514292
293,L241R_N242Q,3.00546358643,3.26166258037,1,2.68904524867,-0.419858451443,0.670384848813,-1.59223139861,-1.23330279207,0.487201358879,4.1103049509,1.11762216718,-2.822956
173,L241K_N242Q,3.02520037529,3.28139936922,0,1.9469566014,-0.0120978182581,1.06244101512,-1.52490092709,-0.343319290056,0.418352228573,3.27218828949,0.906342970473,-2.891384
233,L241N_N242Q,3.02918198977,3.28538098371,1,1.88705964276,-0.534763291435,0.726416781769,-1.55883873231,0.0223652503945,0.726795693058,5.09331944432,1.1762044721,-4.556596
304,L241S_N242F,3.03323298097,3.2894319749,1,2.16656912145,-1.25049752486,0.181528269932,-2.74289443424,0.00500823908766,0.582231618481,-0.0509354061105,1.59629775785,2.42961
153,L241I_N242Q,3.0383466536,3.29454564754,1,2.03957221505,1.55131212316,0.449502466364,-3.29012525423,-0.6920663395,0.538804780609,1.14754604416,1.05341149592,-0.013036
140,L241I_N242A,3.04185939887,3.29805839281,0,4.89199252924,-1.09694575269,-0.122260247622,-4.90826937143,-0.117727457212,0.932184993652,-3.25562137997,2.12635742284,4.568788
246,L241P_N242H,3.04790403261,3.30410302655,-1,0.345773494107,2.02528509229,0.580079523356,-2.5606594868,0.131986715245,-0.0176438135074,0.999421935065,0.152722970448,1.13573
108,L241G_N242K,3.07485289543,3.33105188936,0,6.39268624327,-0.00399044518306,0.731108691308,-6.36931135712,-0.31618214642,1.37002012938,-1.87097036874,2.67868791254,0.489608
320,L241T_N242A,3.08811024074,3.34430923468,0,8.96504786654,-1.63996455619,-0.223498650681,-5.49994258738,-0.160647838412,0.995207171688,-4.11984352226,1.98216489384,2.810268
346,L241V_N242H,3.09120260104,3.34740159498,1,0.180679877011,0.02714105501,-0.229086056946,-1.82240589309,-0.607591474666,0.319026111052,0.93657110843,0.451295508317,3.595988
26,L241C_N242H,3.1117545949,3.36795358884,0,1.63793286628,0.383983911398,0.186719538055,-2.36645956915,-0.07868782303,0.2305641191,0.0384426347756,0.55488645198,2.524286
340,L241V_N242A,3.11240176848,3.36860076242,1,6.79274459515,-0.922673323341,0.200313951232,-6.03515526632,-0.466310205074,0.89153981419,-3.87895269032,2.11587819015,4.366876
46,L241D_N242H,3.11431397581,3.37051296975,1,-3.4432090129,0.0924163976272,0.439660085335,3.21808592578,-0.0721803270097,0.295013305702,4.04462002316,0.14874439998,-1.62334
303,L241S_N242E,3.12828348978,3.38448248372,0,6.78465982002,-1.0132719534,0.10838510048,-4.36008632004,-0.222006134465,0.777265280251,2.16525360785,1.64175653686,-2.73101
48,L241D_N242K,3.15549477954,3.41169377348,0,2.66692139702,-0.981940882248,-0.82630079569,0.473421394667,-0.310473088493,0.501346097564,3.83917276661,0.892252351872,-3.117084
300,L241S_N242A,3.20308084523,3.45927983917,0,9.45850389343,-1.24291544905,-0.088103088393,-6.92080996902,-0.122149852254,0.978826750242,-3.62233317545,2.05068629268,2.738354
204,L241M_N242F,3.20796304584,3.46416203978,0,-3.75390301178,-0.0854708113834,0.208872885762,-2.02621681809,0.239605329998,0.513912055691,3.306047343,2.06405725581,2.597798
284,L241R_N242F,3.26257685274,3.51877584668,1,-5.05963824899,-0.189837790844,0.201585566589,0.894008008205,-0.774911848839,0.459922974223,4.60326178009,1.59700783449,1.450124
170,L241K_N242M,3.29123561337,3.54743460731,1,3.01912704253,0.849664181961,0.319024391067,-3.45735926688,-0.240820139517,0.442980896487,0.407918059069,1.14970203606,0.64191
264,L241Q_N242F,3.32833817965,3.58453717359,1,-4.17745997137,0.851775434204,0.111925317656,0.649342835141,-0.869878224477,0.487288821079,5.26602157813,1.66109980121,-0.935496
101,L241G_N242C,3.33331909245,3.58951808638,0,7.17007360491,0.107042327658,0.593304891778,-6.56467086571,-0.134082297067,1.54678059232,-4.29069929356,2.84877952683,2.094342
213,L241M_N242Q,3.34649157543,3.60269056937,0,3.0298411043,-0.158300804045,0.701457427075,-3.36720105774,-0.479982026159,0.541755586171,3.12557803049,1.57722685999,-1.675282
228,L241N_N242K,3.34822698394,3.60442597788,2,1.91473595119,-0.864840837863,0.807747905405,-0.717807083593,-0.267048857982,0.737595172071,2.59319498647,1.26702200085,-2.239404
242,L241P_N242D,3.37397206649,3.63017106043,-2,4.38945061242,1.89121552643,-0.250953545436,-3.11843501099,0.283177953181,0.0880552070621,2.29147176236,0.415030899268,-2.900906
103,L241G_N242E,3.37586843436,3.6320674283,0,6.75627381605,-0.39243057809,0.617416226272,-6.36816169208,-0.581091576286,1.51929390525,1.4065759985,3.15193855003,-2.715124
221,L241N_N242C,3.39741558015,3.65361457409,2,3.17676789722,-0.890308058352,0.726095910501,-1.22432318637,-0.362833973176,0.931872199904,0.196559149098,1.41050648792,-0.63467
20,L241C_N242A,3.42284229752,3.67904129146,0,8.85361164106,-1.11353662483,0.4897906829,-7.26698233614,-0.118384593398,0.787108911026,-3.65078499734,2.17992148256,3.295174
260,L241Q_N242A,3.42746918028,3.68366817422,0,7.04548832872,-1.36694830423,0.264752165398,-5.41559378807,-0.0662819291339,0.898253922435,0.650357047738,2.07578727674,-0.626752
119,L241G_N242Y,3.45307101316,3.70927000709,0,5.03116241438,-1.42122148403,0.434413550624,-5.72443295295,-0.0468868262863,1.3535936187,-0.738285516196,3.04582858901,1.531748
180,L241L_N242A,3.46477982575,3.72097881969,0,6.88547688987,-1.16957154541,0.560468180365,-6.0126622072,-0.136237150056,0.8975482567,-3.46617482156,1.99644051544,3.929844
90,L241F_N242M,3.50204072714,3.75823972108,1,-2.33640543649,1.24674236631,0.611541947036,-2.39010876338,-0.391299529602,0.404407004332,1.96818154994,1.50067265452,2.597798
175,L241K_N242S,3.51525866954,3.77145766348,1,6.18920194112,-0.910098892938,0.933267489502,-3.47097799965,0.152338100448,0.844185833917,-2.15358756614,1.36019252884,0.473722
30,L241C_N242M,3.51690121025,3.77310020419,0,7.12965788121,-0.700879404967,0.638666635798,-5.54092335726,-0.0664161107398,0.445616362273,-2.24315814748,1.63060407783,2.246644
270,L241Q_N242M,3.52752597127,3.78372496521,1,3.56159876748,0.334166082429,0.384847958455,-3.32888891156,-0.442852740799,0.536323288848,2.60543688552,1.35660466743,-1.675282
0,L241A_N242A,3.54767687338,3.80387586732,0,9.22135031599,-0.975800756941,0.790006283834,-7.99543381451,0.264814664185,0.7527111326,-4.24781654168,1.82412644645,3.955072
280,L241R_N242A,3.60244669294,3.85864568688,1,5.13397683566,-1.41420550293,0.00373854801768,-3.54698204532,-1.08137668736,0.853337950914,-0.150258083754,2.06627055827,1.758868
210,L241M_N242M,3.62630070703,3.88249970097,0,4.140581325,-1.01169744516,0.699775785303,-4.44932744567,-0.0921140886788,0.55618476838,-0.0935293976024,1.82814270526,1.858012
195,L241L_N242S,3.63354149367,3.88974048761,1,6.12057210739,-1.35932863287,1.13544866926,-3.65202074974,-0.423635856985,0.933043835586,-3.40617638429,1.51288669983,2.713126
190,L241L_N242M,3.64784857578,3.90404756972,1,2.00493201766,1.42431211418,0.326067343105,-3.95930724419,-0.155673412686,0.537144780013,-0.839246975004,1.29357978066,2.881314
146,L241I_N242H,3.65525846594,3.91145745988,0,-3.74596844618,2.62386351943,-0.227419671474,-0.265633966279,-0.707491769808,0.35966588445,1.12205383002,0.475353578985,3.7979
42,L241D_N242D,3.66157003037,3.91776902431,1,3.73361180454,-1.73576778761,0.335525406155,1.08654990444,-0.373750523766,0.47867975319,5.14847994652,0.656738586837,-5.659976
122,L241H_N242D,3.66833166028,3.92453065421,0,-2.9577801452,1.10399532273,-0.821326244463,3.11290273042,-0.0128067979898,0.439993121501,3.68494105095,0.758720961306,-1.62334
112,L241G_N242P,3.70412244572,3.96032143966,-1,12.0748956575,0.919439813307,3.35857131343,-10.7440592363,0.0634724378973,3.87164373092,-2.78622889466,-3.91041576122,0.705786
384,L241Y_N242F,3.73003728847,3.9862362824,0,-7.54517626398,3.19752270685,4.00855514406,-7.60147014001,-1.5358182529,0.662053381863,7.41344722159,0.97061405971,2.423836
63,L241E_N242E,3.7726329102,4.02883190414,2,0.704187531939,1.41821043405,-0.768134968947,-0.0871122259591,-0.7569739146,0.562603403226,8.03839697685,1.48572711215,-6.983656
110,L241G_N242M,3.77494023171,4.03113922565,0,6.64031349919,0.211365262651,0.560417948119,-6.31513095193,-0.320384522081,1.37885795076,-2.95300170322,2.89992715192,1.70571
53,L241D_N242Q,3.80096733851,4.05716633245,1,4.24930358788,-1.50525659143,1.06278694692,-1.27396180357,0.189734421396,0.494019497277,5.22817202878,0.814411230024,-5.434276
200,L241M_N242A,3.84935109288,4.10555008682,0,5.42837372745,-0.887343291567,0.317554960285,-5.99853409636,0.0276912474951,0.911615513613,-1.4593921274,2.55533384591,2.906542
179,L241K_N242Y,3.85786475551,4.11406374945,0,-4.21167843964,0.672197146555,0.00616187864165,1.19055846305,0.0973883865983,0.41499137868,3.80950073589,1.31587407223,0.467948
100,L241G_N242A,3.86636557516,4.1225645691,0,9.00384093498,-0.803164077095,0.47627361318,-8.19998223109,-0.212313728428,1.71394296155,-4.39424902466,3.56896903683,2.75424
75,L241E_N242S,3.92943859582,4.18563758976,0,6.26950906278,-0.964390146561,0.622874074272,-2.56021564473,0.11332753882,0.842388781609,0.957323215889,1.40937080904,-2.73101
378,L241W_N242W,3.93466760755,4.19086660149,1,-18.415646542,1.82572690369,0.371385971439,4.77857783954,-2.20365606977,0.635110520044,8.43611192903,1.39428215719,5.796624
93,L241F_N242Q,3.93952446319,4.19572345713,1,-4.98859018479,2.15376446894,0.758604524335,-1.20466828231,-0.631560124048,0.374938839572,6.94510346823,1.20967719339,-0.935496
383,L241Y_N242E,3.94221825162,4.19841724556,1,-5.52459376554,2.38693104612,0.881543136497,0.662531009152,-0.476345590258,0.5548062262,6.29305181613,1.58964226745,-2.736784
290,L241R_N242M,3.95708489512,4.21328388906,1,2.97091092002,-0.297409382949,0.203292502384,-1.83317861239,-1.07036553446,0.513892706253,1.26005374671,1.50499444016,0.710338
23,L241C_N242E,4.02657541006,4.282774404,0,5.96618711012,-0.0374913217399,0.714404427686,-4.79840889478,-0.120165344696,0.584936091958,2.13684705765,1.77359436293,-2.17419
230,L241N_N242M,4.03282131682,4.28902031076,2,3.56928184628,-1.19905534054,1.06455747896,-1.98452922821,-0.225822207957,0.74553897237,1.50979134143,1.47456081147,-1.023302
15,L241A_N242S,4.04020048618,4.29639948012,0,8.86277906832,-0.869219648474,1.53789012423,-6.37254731771,0.0026163662958,0.812730693262,-4.02589441805,1.39443238601,2.738354
362,L241W_N242D,4.0707453539,4.32694434784,2,-4.00623049821,-0.356957643757,-0.454108337582,3.36837447648,-0.507058896204,0.376970333531,4.69400602269,0.796047024494,0.068324
315,L241S_N242S,4.08134339916,4.3375423931,0,9.1179715808,-1.1122353834,0.388574356039,-5.09396599365,0.030465409759,1.03776100389,-3.40048186401,1.62082479184,1.521636
59,L241D_N242Y,4.08431821237,4.34051720631,1,-5.98722816629,1.56373301042,0.466255770019,4.02964453087,-0.113145441882,0.470535084552,4.37399083986,1.243162963,-2.074944
220,L241N_N242A,4.08908650463,4.34528549857,3,4.86993980019,-0.434898636996,0.596813200112,-3.40439462307,-0.627856700695,1.08520999032,-0.181194287212,2.12563097016,0.025228
259,L241P_N242Y,4.09609480315,4.35229379709,-1,-1.63671188389,3.41333313877,0.929810917337,-3.17056354046,0.705370326071,0.150460881112,1.61315932776,0.963303347337,0.684126
268,L241Q_N242K,4.12195639474,4.37815538868,1,0.344108861335,0.681382088359,0.394492686841,-0.987375271744,-0.948546492204,0.536521901894,5.7095970799,1.19722126045,-2.891384
41,L241D_N242C,4.14679919177,4.40299818571,1,3.58707258249,-0.593425588966,1.24293304097,-1.05542288823,-0.212587394022,0.687581568946,0.923295982703,1.08746768672,-1.51235
239,L241N_N242Y,4.17962251394,4.43582150788,0,-4.30069397747,0.608814853972,0.512025211063,2.39551269632,0.0965572868324,0.718230441939,3.69767830491,1.60986601369,-1.197264
335,L241T_N242S,4.18223328317,4.43843227711,0,7.65753091709,-1.12374301315,0.340166672752,-2.9674547904,-0.00489142947947,1.0550518287,-3.89380285555,1.54747305588,1.59355
263,L241Q_N242E,4.2279748349,4.48417382884,1,0.116271385204,1.42240780686,-0.167621708384,-0.283829245057,-0.394539079171,0.682579652682,7.15160038186,1.6870561977,-6.096116
35,L241C_N242S,4.28551517461,4.54171416855,0,7.90159059528,-0.691208159048,1.19488029416,-5.28238656675,-0.0468941539974,0.847024001381,-3.42796064422,1.74968682386,2.078456
120,L241H_N242A,4.32263623362,4.57883522756,0,4.68411164856,-0.772025976334,1.25007396468,-5.23381538352,-0.0964311518067,0.816096815837,-1.36067332031,1.87805676303,3.184184
14,L241A_N242R,4.3376042618,4.59380325574,0,7.51105928866,-1.38552503257,1.46293681349,-6.54355642512,-0.086574219951,0.386912392749,-0.0543614088884,1.29789202215,1.758868
283,L241R_N242E,4.37884398022,4.63504297416,1,2.34833305429,0.255841324341,-0.322910293767,-0.935043251031,-1.2192974691,0.651073607301,5.63189594045,1.66848922542,-3.710496
235,L241N_N242S,4.37939274667,4.63559174061,3,5.98612925772,-1.13875787033,0.689687870677,-1.89257265997,-1.04018005847,1.15895105435,0.160537444849,1.68133838082,-1.19149
104,L241G_N242F,4.3847983232,4.64099731714,0,4.98383682116,-1.34011611026,0.466576625559,-5.75626051234,-0.0659263541925,1.33196801145,-0.815473991006,3.1469424158,2.445496
183,L241L_N242E,4.40348055284,4.65967954678,0,1.55834059015,0.892293149493,0.458230868379,-2.93174154401,0.373096650711,0.687562846066,3.16343451801,1.60411262814,-1.53952
314,L241S_N242R,4.41158383726,4.6677828312,0,6.62828165298,-1.32817539774,0.220772351213,-4.33535172492,0.0602240452381,0.612535933045,0.500026897996,1.52333099152,0.54215
133,L241H_N242Q,4.44782641307,4.70402540701,2,-1.69959075499,0.708329597707,0.129836333428,-0.934961946524,-0.158808903843,0.441648135347,6.3306370026,0.94358212414,-1.39764
223,L241N_N242E,4.54440667821,4.80060567215,2,2.63191194057,-1.15943070364,1.05217867556,-0.963495987452,-0.184230369247,0.884429703089,5.86216948621,1.73939644149,-5.444136
355,L241V_N242S,4.58945739683,4.84565639077,0,6.862109957,-0.959824273104,0.865969520058,-4.06597431882,-0.253103720707,0.943719980292,-3.61637816802,1.60755966365,3.150158
295,L241R_N242S,4.59971928262,4.85591827656,1,5.31676021215,-1.43869630059,0.576488629811,-1.88883287582,-1.10591735376,0.912659458421,0.0727616054777,1.6330518274,0.54215
84,L241F_N242F,4.60227242134,4.85847141528,0,-5.30858764976,1.55516355858,4.0143794,-9.5739939196,-0.479418057717,0.668175184189,8.65466963442,0.375438329784,3.337584
241,L241P_N242C,4.60378198644,4.85998098038,-1,5.86926216782,1.93540136978,1.32707333631,-5.83027940483,0.163829300928,0.374855573516,-1.64617761274,0.940463172056,1.24672
18,L241A_N242W,4.7208054686,4.97700446254,0,2.85955761776,-1.10421158768,0.646013494214,-3.33277339231,-0.220210753004,0.418107740054,-1.22957819833,1.79020733731,4.875848
81,L241F_N242C,4.75764036023,5.01383935417,1,-3.04694512656,2.3706984965,0.329936820494,-0.884708354091,0.114649582374,0.57070851647,0.678499718901,1.49677038166,2.98643
143,L241I_N242E,4.77733923208,5.03353822602,0,1.92004728107,1.64499797584,0.0203185058865,-3.28045628369,-0.972399997095,0.701336753092,3.36616568675,1.645835716,-0.900576
333,L241T_N242Q,4.7942618488,5.05046084273,1,5.29553868733,0.109306602472,0.379160315511,-2.58239968372,-0.356349974082,0.6251802932,1.83034253767,1.06325210299,-1.771556
339,L241T_N242Y,4.83331862808,5.08951762202,1,0.211836522193,0.381492561762,-0.168518219815,-0.931707259384,-0.0448897067175,0.608096721885,1.20881405507,1.57871569776,1.587776
44,L241D_N242F,4.8396970723,5.09589606624,1,-5.36239917218,1.30396695675,0.640753060137,3.42595655218,-0.230427532047,0.449582336063,4.29208597651,1.35214639689,-1.161196
203,L241M_N242E,4.85005543017,5.1062544241,0,1.96106722672,0.979480888359,0.245559335949,-2.62268066071,-0.715769663828,0.703643413155,4.63152137743,2.12462540456,-2.562822
393,L241Y_N242Q,4.87648617192,5.13268516586,1,-5.89723813283,2.59332894035,0.396533058616,-0.230570191207,0.101787984692,0.384855388832,8.06426999202,1.0615681806,-1.849244
40,L241D_N242A,4.87729017832,5.13348917226,1,3.62208677876,0.479174766074,0.353302964612,-1.85470352535,0.104937753929,0.848968237413,0.388172505579,1.77878454263,-0.852452
288,L241R_N242K,4.87886522877,5.13506422271,1,2.5503171556,-0.734496364412,0.476444530152,-1.66186224902,-1.14451561527,0.501275262097,4.22472413506,1.17281976708,-0.505764
188,L241L_N242K,4.89627961942,5.15247861336,0,3.75468420603,-0.619576579514,0.7816046034,-4.11862470695,-0.102680148692,0.545286143181,1.87969127561,1.11188890274,1.665212
224,L241N_N242F,4.90623703724,5.16243603118,0,-3.977207876,0.573475656216,0.612130594151,1.97296583327,-0.0530624063085,0.696367128159,3.62014808924,1.70625806371,-0.283516
55,L241D_N242S,4.91467461446,5.1708736084,1,6.9298475113,-1.55506160356,0.764165256591,-1.69117474088,-0.52841997531,0.917758742354,0.835844521749,1.32530889328,-2.06917
150,L241I_N242M,5.03827302024,5.29447201418,0,2.25568477219,0.0597920738466,0.0574760703555,-3.27553971408,-0.134986406083,0.588539073223,0.481488906204,1.3874226725,3.520258
350,L241V_N242M,5.13329423006,5.389493224,1,4.40010980386,-0.0256209402671,0.164260435611,-3.99975932804,-0.642810649783,0.549034459855,-0.149641757312,1.390065359,3.318346
208,L241M_N242K,5.13552765571,5.39172664965,0,2.85716998762,-0.22155079722,0.804257091955,-3.9903088061,-0.205535169288,0.559419145158,2.95380565162,1.66427536713,0.64191
388,L241Y_N242K,5.16535751211,5.42155650605,1,-4.07677731961,2.36596237215,0.619789058546,-2.31867317082,-0.174488769965,0.404692560467,6.53608806459,1.15381959959,0.467948
394,L241Y_N242R,5.17629820456,5.4324971985,1,-5.09477182743,2.22745410073,1.02395856752,-0.427474327141,-0.230055483149,0.397715716136,5.06682970194,1.49185501784,0.536376
148,L241I_N242K,5.22758920549,5.48378819943,0,1.88998004963,0.448065323824,0.258887587203,-3.81302852312,-1.16041342546,0.566074913015,3.23209223421,1.12529187041,2.304156
386,L241Y_N242H,5.26848555693,5.52468455087,-2,-5.19176605819,2.17788842788,3.93868320956,-4.48313966745,-1.01217117622,0.293036379449,6.38086648059,0.305401532872,1.961692
248,L241P_N242K,5.33795576527,5.5941547592,-1,6.3109531569,1.37846718239,1.44590967371,-6.45595823979,0.623118936418,0.2158978378,0.852886446009,0.848052518353,-0.358014
250,L241P_N242M,5.34169733829,5.59789633223,-1,5.76423188946,2.08914992055,1.55218622806,-6.12470611772,0.121148677417,0.202371415106,-0.275045073479,0.865516485727,0.858088
98,L241F_N242W,5.35175585474,5.60795484868,-1,-5.93040551895,1.05634183285,1.78947916949,-5.79851869412,-0.267225557275,0.66477154472,7.39138304785,1.01457294134,4.567104
244,L241P_N242F,5.35502500132,5.61122399526,-1,-0.897554780104,2.99109319781,0.883881263925,-3.36289364485,0.434158800113,0.186944808462,1.79039897294,1.24895125273,1.597874
243,L241P_N242E,5.37199539852,5.62819439246,-1,5.20895091123,2.00190789104,1.01555531776,-5.43288523933,0.247382748885,0.33897642931,4.00071489101,1.36129549762,-3.562746
83,L241F_N242E,5.39460311323,5.65080210717,1,-3.34213940197,1.43321526482,0.911570911687,-0.812108903643,-0.169800004777,0.541051274101,6.57429673384,1.77663620117,-1.823036
50,L241D_N242M,5.42806844401,5.68426743795,1,3.88781795438,-0.748854189521,0.786986503448,-1.15158600297,-0.475251119334,0.516511094708,3.28234563867,1.0898244101,-1.900982
115,L241G_N242S,5.45266259653,5.70886159047,0,11.0456731482,-1.42581958046,1.32546545256,-7.61531999583,-0.25267720555,1.79196399596,-4.03703094977,3.15122878869,1.537522
164,L241K_N242F,5.4730237516,5.72922274554,1,-0.576093014254,0.112982306268,0.863267436853,-2.72109125326,-0.0298692105941,0.381591396725,4.24385518913,1.41513213675,1.381696
34,L241C_N242R,5.47724143973,5.73344043367,0,5.97689729526,-0.134751579667,0.9156669806,-4.9394353008,-0.166174340257,0.422202321969,0.659065489392,1.65337702534,1.09897
121,L241H_N242C,5.49370730427,5.74990629821,0,2.56565957714,0.0219864574127,0.62325215856,-2.59541725665,-0.111871293049,0.641489069227,0.583773513227,1.26570746331,2.524286
366,L241W_N242H,5.52520547807,5.78140447201,1,-8.38238038418,1.29923379895,0.482466335135,1.80707306797,-1.39183239136,0.198919716067,6.2877138672,0.252692796305,4.10496
395,L241Y_N242S,5.53390255389,5.79010154783,0,1.67574161703,-0.650631957839,1.34386946726,-1.28036367954,-0.188746396885,0.834858534071,0.632714568481,1.62580471954,1.515862
194,L241L_N242R,5.54062218884,5.79682118278,1,0.705667457918,1.24276621595,0.876910813145,-2.12053817927,-0.949189751965,0.523822120846,1.8695740007,1.35062350021,1.73364
135,L241H_N242S,5.57022451659,5.82642351053,2,3.32974450651,0.145447009098,1.2954528367,-2.23204739164,-0.0643658866241,0.85077252073,-1.26866605552,1.44771049591,1.967466
343,L241V_N242E,5.62245630915,5.87865530309,1,3.52988205885,2.04853157799,0.359745454166,-3.79215784802,-0.321090065677,0.677861871465,2.40661862535,1.5920995024,-1.102488
78,L241E_N242W,5.65611399216,5.9123129861,2,-3.54032773395,0.17532831031,-0.40197348731,3.45846100663,-0.838715807399,0.417972815562,4.85230867305,1.8717591546,-0.593516
114,L241G_N242R,5.68370820994,5.93990720388,0,7.38827129691,-0.867792674247,1.14522651382,-6.59347404336,-0.159860444903,1.35931762492,-0.14914823014,3.01828252952,0.558036
95,L241F_N242S,5.69591069108,5.95210968502,1,0.130327405684,0.0317378025104,1.07710553751,-0.992546427786,-0.320289854009,0.792106424449,0.767008395896,1.69868400446,2.42961
253,L241P_N242Q,5.71719587976,5.9733948737,-1,6.65734846239,1.71708309196,1.77743002381,-6.54067967233,0.631828504232,0.221889016565,2.74386054311,0.70383635134,-2.675206
198,L241L_N242W,5.71863955965,5.97483855359,1,-4.73455804772,1.03549235848,0.262102483891,0.732148896691,-0.0288491499235,0.556514791792,0.892164162133,1.98508596204,4.85062
118,L241G_N242W,5.72926611373,5.98546510766,0,1.42642446193,-0.473393939307,0.518765939893,-3.76341640678,0.0434412506377,1.36141885239,-0.543368907101,3.45763223511,3.675016
139,L241H_N242Y,5.73412117626,5.9903201702,1,-7.10567600485,1.58203612912,0.388032853857,-0.242648896754,-1.03731386715,0.448908761155,7.28965767105,1.32892185152,1.961692
218,L241M_N242W,5.77393436659,6.03013336052,0,-6.09638871606,1.15922619989,0.284611467395,1.63165772504,-0.456045114472,0.554912037046,2.07277779024,2.48612854379,3.827318
215,L241M_N242S,5.83258145306,6.088780447,1,3.97430906925,0.260513105244,0.758258951045,-3.1957391767,0.0567264227489,0.981166753987,-0.781856802683,2.12212492754,1.689824
163,L241K_N242E,5.83789489579,6.09409388973,0,2.1698844876,1.43749707256,0.536327798794,-1.165172813,-0.368282963256,0.6033232648,4.96764927234,1.43846792934,-3.778924
298,L241R_N242W,5.84288598844,6.09908498238,1,-7.64774293728,1.58937479984,-0.0287633517224,4.73571240565,-1.54881349328,0.50967856815,3.30417655112,2.05372158137,2.679644
88,L241F_N242K,5.8998876723,6.15608666624,1,-2.81278656308,1.16258110997,0.709082241184,-2.92280469417,-0.336128550106,0.391341768844,6.79458646771,1.3099853959,1.381696
234,L241N_N242R,5.94147696549,6.19767595943,2,1.18270028064,-0.264533070055,1.2723176485,-0.684972724691,-0.0754820039886,0.724094909152,4.33229750258,1.58607398505,-2.170976
168,L241K_N242K,5.9989229406,6.25512193454,1,3.59848927619,0.612170968607,0.728201441474,-3.77362911213,-0.0467684868854,0.430789377244,3.91366520684,0.942495926462,-0.574192
359,L241V_N242Y,6.06784909509,6.32404808903,1,1.36658964925,1.78017336195,0.650599250767,-4.35996446837,-0.0579857536426,0.5095608663,1.08469464836,1.48247721359,3.144384
361,L241W_N242C,6.12337507677,6.37957407071,1,-0.988569699464,0.806787800861,0.819532022715,-0.934484520003,-0.319467070512,0.590298926197,0.51918374354,1.1678208286,4.21595
130,L241H_N242M,6.15927954245,6.41547853638,0,1.02376054892,0.397000125706,0.788013113954,-2.57058288826,-0.184238291465,0.475013127127,2.78396820015,1.32841160664,2.135654
126,L241H_N242H,6.1716457872,6.42784478114,1,-5.13925103216,1.38101098445,0.383182316133,0.734389292727,-0.398277066775,0.242174007757,5.96412669089,0.286667454289,2.413296
86,L241F_N242H,6.19451223888,6.45071123282,-2,-3.19568646631,1.41569272639,4.2175687699,-6.64347882541,-1.01679178837,0.33472914951,6.93214908627,0.404581560248,2.87544
330,L241T_N242M,6.19564404128,6.45184303522,0,5.96883178996,0.21854740834,0.0151125684315,-3.74839491874,0.269853173701,0.655698970654,-0.397327851178,1.41901645576,1.761738
294,L241R_N242R,6.23454722155,6.49074621549,1,0.899785904984,0.197879171177,0.840184418894,-0.675807851031,-0.900184142154,0.488600569827,4.26420794958,1.53169442125,-0.437336
43,L241D_N242E,6.28234371154,6.53854270548,0,2.83429335659,-0.758158467937,1.74644759604,-0.29158463829,0.329396811861,0.656483012717,6.74691576513,1.35932404301,-6.321816
360,L241W_N242A,6.30826121608,6.56446021002,0,3.4099951951,-1.03846454906,0.422588118831,-4.14681361848,-0.0442830529901,0.773884870099,0.14596601802,1.88832249778,4.875848
214,L241M_N242R,6.3975133465,6.65371234044,0,2.29123378671,0.0489399903404,1.21561472286,-3.34862819973,-0.175137978384,0.544940373803,3.00753488933,2.00182748003,0.710338
389,L241Y_N242L,6.42090948767,6.67710848161,-6,7.08037098207,2.115220759,7.88340529779,-16.4987981216,1.64420915734,0.833059086967,-1.5629518023,1.80582884602,2.707352
74,L241E_N242R,6.4302389288,6.68643792274,1,4.93339749714,-0.561631549052,0.853143356651,-2.94721449005,-0.172791856502,0.407962808497,6.18230319308,1.27237570874,-3.710496
144,L241I_N242F,6.45243905764,6.70863805158,0,-1.87771896256,1.58700618533,0.0768734756427,-3.2871631674,-0.577503257347,0.49645272605,3.36426214008,1.6164132844,4.260044
240,L241P_N242A,6.48484201775,6.74104101169,-1,8.74651182247,1.28794439562,1.34386510483,-8.02100446266,0.233636247826,0.569074979692,-1.6538806117,1.64103515594,1.906618
373,L241W_N242Q,6.5498166567,6.80601565064,1,-4.63567904961,1.77928014443,1.04213647612,0.324911341067,-0.419516771526,0.379907592113,6.5264212221,0.904582497242,0.294024
123,L241H_N242E,6.56247601124,6.81867500518,0,-0.635868468391,0.502832453732,0.4497222644,-0.645724835272,-0.193029972921,0.613721105991,7.28150175809,1.47625145787,-2.28518
370,L241W_N242M,6.57382679396,6.8300257879,1,-1.04531905747,0.501287559011,0.849652301738,-1.7267429324,-0.777771748092,0.420692988998,3.05961469573,1.21381253746,3.827318
38,L241C_N242W,6.5780399229,6.83423891684,0,-0.65496666777,0.671152156399,0.111475002314,-0.492610975242,-0.0263357977521,0.446127042657,0.0738058708205,2.15209364413,4.21595
156,L241I_N242T,6.63514231234,6.89134130628,-1,3.82834274497,-1.39084018458,0.795261632051,-2.45666942272,-1.06342447561,1.7909766933,-1.85071679075,3.02826039234,3.423984
278,L241Q_N242W,6.69658162932,6.95278062326,1,-4.60787668394,1.1245970741,-0.111592797605,2.61063677693,-0.77280904943,0.536532115671,5.28626406761,2.03589814671,0.294024
334,L241T_N242R,6.69798730406,6.954186298,1,2.8922503863,2.05669341392,-0.0094996671597,-1.70426875853,-0.751544110165,0.621711188729,1.37623526873,1.34731072077,0.614064
318,L241S_N242W,6.76447058455,7.02066957849,0,2.62016717305,-1.0291336643,0.124601208317,-1.57773627819,0.0381510743115,0.654311466193,0.258055017633,1.98905509692,3.65913
323,L241T_N242E,6.77926885523,7.03546784917,1,5.74659696956,-0.511854363382,0.0652980755949,-1.68593790127,-0.0824114641415,0.792142809882,3.32464950612,1.55697963244,-2.659096
134,L241H_N242R,6.78399288548,7.04019187942,0,-1.81501731184,0.507625623062,0.332957530071,-0.565845021758,-0.148673517415,0.450992760286,5.68256211642,1.35369768784,0.98798
174,L241K_N242R,6.79243689358,7.04863588752,0,2.9020981812,1.00800678146,0.835443337364,-2.5394528725,-0.0259052126075,0.440034437794,3.34806093321,1.30513375116,-0.505764
64,L241E_N242F,6.8422572385,7.09845623244,-3,4.48028471481,-1.06950638859,3.68413386487,-7.00472154863,1.24627386226,0.364689491508,5.41594877332,1.42780322591,-1.823036
238,L241N_N242W,6.93133401057,7.1875330045,2,-4.46960181625,0.14977672058,0.864996434047,3.33026325862,-0.48758192164,0.760573086897,3.67238410472,2.07673207472,0.946004
328,L241T_N242K,6.96877513934,7.22497413328,1,5.6045768531,0.973503316053,0.0104546234919,-3.8430577487,-0.34047442847,0.61971701908,2.08406375121,1.07791146319,0.545636
94,L241F_N242R,7.12758144673,7.38378044067,0,-3.09940119366,2.01500636034,1.24917362752,-1.9083281861,-0.170312438778,0.389279677934,5.49258197163,1.63412967275,1.450124
68,L241E_N242K,7.19807631125,7.45427530519,0,4.8634685739,0.366328608506,0.488313539222,-3.32694191231,0.209747048322,0.428993172579,6.99109515173,0.947836338931,-3.778924
276,L241Q_N242T,7.27262565186,7.5288246458,3,5.50100142359,-1.0835956113,0.45556134352,-1.94501124351,-1.46213860445,1.67800092195,2.51769820011,3.00577545332,-1.771556
54,L241D_N242R,7.32890410139,7.58510309533,0,3.32896217573,-1.40770855844,1.19125257684,0.0618787594015,-0.101422147574,0.494020690237,5.57488235849,1.23551223301,-3.048656
154,L241I_N242R,7.36237138491,7.61857037885,0,2.15754357061,0.636735018774,0.636930783264,-2.75926896057,-0.211655956506,0.577048453777,2.35519820486,1.39914942325,2.372584
354,L241V_N242R,7.36410726344,7.62030625738,1,4.57444603491,0.313706850817,1.11605504967,-4.12381878243,-0.610812603192,0.524348769771,1.74912761469,1.42827444156,2.170672
363,L241W_N242E,7.57215060893,7.82834960287,1,-4.53237581314,2.42454229471,0.73157104506,1.3438895043,-0.817993375623,0.546243333337,6.57548613455,1.47743278621,-0.593516
348,L241V_N242K,7.63601526745,7.89221426138,1,6.23465905777,-0.306902397487,0.870729647143,-5.27940700335,-0.354508803982,0.519719692843,2.44997418841,1.15744322249,2.102244
9,L241A_N242L,7.70010516745,7.95630416139,-7,19.1582776373,-1.95940810564,8.41470358745,-20.3053004665,2.15494004461,0.813805200972,-6.22439254449,1.61942095212,3.929844
89,L241F_N242L,7.70103061589,7.95722960983,-6,8.27854703442,1.67002106987,7.76381098665,-17.2863038448,1.75392860113,0.814867677294,-1.29144303673,1.96095337091,3.6211
254,L241P_N242R,7.70374372204,7.95994271598,-1,4.62229285239,2.45180499576,1.61246999017,-5.57075548033,0.587169295367,0.20996484482,2.62560428206,1.03253724678,-0.289586
159,L241I_N242Y,7.74085092197,7.99704991591,1,-3.10597264761,3.09661774492,0.552149799318,-2.90061687626,-0.25042335568,0.528843830451,4.41001360557,1.44389574862,3.346296
58,L241D_N242W,7.87417027583,8.13036926976,1,-4.24152826249,0.0989876778037,0.931853466547,4.46638613381,-0.0572469138625,0.525190176607,4.29112677971,1.72619837507,0.068324
398,L241Y_N242W,7.92754767733,8.18374667127,0,-10.0318336172,1.39652214307,0.239715035908,1.14210999814,-0.71218337116,0.47996532745,8.59545140669,1.3678130848,3.653356
274,L241Q_N242R,8.00103592579,8.25723491973,0,3.79525920014,0.316679703682,1.09850840257,-3.08420743632,0.37559201434,0.532125719505,6.23260946357,1.54190381864,-2.822956
258,L241P_N242W,8.03296689659,8.28916589053,-1,1.27442447515,2.56008840319,0.621104377083,-3.046394245,0.555822030138,0.152232913638,1.24496073444,1.51310364087,2.827394
17,L241A_N242V,8.13087805365,8.38707704759,1,5.44549686144,-1.11904298998,1.3282580456,-4.94793759588,-0.185284777049,2.73749849261,-4.05461713663,3.93723980857,4.366876
76,L241E_N242T,8.18212849376,8.4383274877,0,4.89638850128,-1.36663616581,0.715548237525,-0.793211029735,0.201957434409,1.57481822055,2.50547682405,2.82699990027,-2.659096
176,L241K_N242T,8.20448349869,8.46068249263,0,4.86027967117,-0.991598313325,0.963904077198,-1.44902477786,0.0183654440042,1.59910803771,-0.45709738278,2.82979239276,0.545636
375,L241W_N242S,8.21532894254,8.47152793648,0,2.20256775107,-0.899965980484,1.20849369097,-0.952736839839,-0.119802227552,0.833284867915,0.81114706632,1.45013662338,3.65913
36,L241C_N242T,8.25302086251,8.50921985645,1,6.81397468766,-1.4390313212,1.28252157467,-3.69910642822,0.110261214804,1.57084803832,-2.02865773213,3.12583152042,2.15037
178,L241K_N242W,8.27685449127,8.53305348521,0,-2.46607068476,-0.0899733035873,0.621021428695,1.72770626189,0.240564035488,0.473858316579,3.30033636873,1.81502239213,2.611216
316,L241S_N242T,8.32973172173,8.58593071567,0,7.6432359399,-1.44273420219,0.429296092014,-3.24894104973,0.112423319065,1.7704416639,-1.85119471277,3.0424199378,1.59355
344,L241V_N242F,8.33120871529,8.58740770923,-3,6.69142564849,1.59404753155,4.03329596027,-12.1707311659,0.699786959668,0.458071541762,0.721153964185,1.62655726674,4.058132
16,L241A_N242T,8.36198293818,8.61818193211,0,7.30206119932,-1.21608196037,1.58892150512,-4.33556031569,0.0627474926156,1.54435789876,-2.47923098447,2.81603480044,2.810268
255,L241P_N242S,8.37699078747,8.63318978141,-1,6.64610806888,3.20194794311,2.04723641139,-6.01330097605,1.07945838735,0.611445737126,-1.36490185156,0.910349347825,0.6899
336,L241T_N242T,8.38357718843,8.63977618237,0,6.27120939291,-1.3954944584,0.444217454262,-1.3437764513,0.0417333297424,1.78714780934,-2.34655603745,2.96947004074,1.665464
189,L241L_N242L,8.53354903856,8.7897480325,-6,15.2437469486,0.303253343055,8.33757158245,-18.5867017499,1.52519377726,0.944765015967,-5.14962876207,1.77736891092,3.904616
289,L241R_N242L,8.61938739378,8.87558638772,-6,13.5522716822,-1.23716659344,7.66723399995,-15.3455007872,1.19467466332,0.922003130691,-1.84224519671,1.8447097127,1.73364
124,L241H_N242F,8.62962421355,8.88582320749,-2,-2.94016410521,2.66340475504,3.60128269767,-7.10437960688,-0.432157857386,0.453221467575,7.50832035473,1.30745918085,2.87544
29,L241C_N242L,8.73641338434,8.99261237828,-7,18.3169266101,-1.36294033259,8.19851640326,-19.2054270972,2.08488637889,0.845577110935,-5.49336729128,1.96270089404,3.269946
368,L241W_N242K,8.77340507972,9.02960407366,1,-3.57099515791,2.40151026101,0.681045958437,-1.01615622494,-0.77637701291,0.393946983539,6.79493281247,0.964814420178,2.611216
374,L241W_N242R,8.78528115748,9.04148015141,1,-3.73332634591,1.09539590424,0.877485695667,0.280917393923,-0.468827559802,0.396074052693,6.10817476272,1.29996159044,2.679644
317,L241S_N242V,8.79477601212,9.05097500606,1,4.9164940741,-0.770486562952,0.349587630513,-3.23689348487,0.0144102377747,2.9750921448,-3.3066274788,4.18986610918,3.150158
338,L241T_N242W,8.80372803743,9.05992703137,1,0.0179314446095,0.278997454766,0.416217776526,0.554234998908,-0.430393647862,0.644539941993,1.07029856043,2.03792887622,3.731044
128,L241H_N242K,8.80929696329,9.06549595723,0,1.75584324745,-0.513310200181,0.829536723363,-3.06747379011,-0.182385982263,0.461163518172,7.61898224112,0.991909602408,0.919552
296,L241R_N242T,8.83893617373,9.09513516767,1,3.56215497835,-1.53759500059,0.673776136286,0.0197775224904,-1.11013124402,1.64588213382,1.62425167319,3.05644849767,0.614064
269,L241Q_N242L,8.89524716787,9.1514461618,-6,15.4245747917,-1.79047444557,7.88842724122,-16.146253726,1.46090883216,0.958902908316,-0.241158374221,1.86191722874,-0.65198
297,L241R_N242V,8.99165915317,9.24785814711,1,-0.663928427547,0.358025118083,0.260909004765,0.539687135793,-1.49970335433,2.87374064578,0.126400613888,4.15704046634,2.170672
158,L241I_N242W,9.04453164199,9.30073063593,0,-1.9480815643,1.28588672028,0.539535369412,-1.65964537608,-0.666892858546,0.520310072686,3.0499876501,1.75282908619,5.489564
196,L241L_N242T,9.04843667174,9.30463566568,0,3.97186647059,-0.943137642102,1.33871116408,-1.40125033948,0.0298814202839,1.69057008139,-1.69453002427,2.98318664642,2.78504
358,L241V_N242W,9.07320713211,9.32940612605,1,-0.629315049488,2.89860232088,0.670891383734,-2.07971559051,-0.722127468343,0.470594439045,0.59239204473,1.87624507761,5.287652
387,L241Y_N242I,9.1889825098,9.44518150374,1,-4.22562762619,1.36043174131,0.854782808818,-1.1532993882,-0.64090401356,2.803068313,1.72810722892,4.36755582386,3.346296
324,L241T_N242F,9.23252336563,9.48872235957,-3,8.74087083388,-0.884210925378,3.81002555818,-10.1575942919,0.969266421118,0.594206985403,1.92968072899,1.5573403166,2.501524
37,L241C_N242V,9.25836566531,9.51456465925,1,4.8475944938,-0.18711733999,0.901967565264,-3.99106709172,-0.326958700404,2.77257276129,-3.39994257602,4.29722895541,3.706978
69,L241E_N242L,9.32212374414,9.57832273808,-7,15.5139602435,-1.64355082179,7.58007382695,-15.421286022,2.19544413112,0.836851727052,0.0592703794171,1.6318697014,-1.53952
397,L241Y_N242V,9.5304949447,9.78669393864,1,-2.40625545806,1.44013804241,1.24900658479,-1.85883097094,-0.404382452596,2.77009556772,0.697476976296,4.14528443241,3.144384
56,L241D_N242T,9.5335051697,9.78970416363,1,5.02905674087,-1.57258663818,1.00277103374,0.285095884107,-0.299683511907,1.6515199247,2.39370207491,2.74842923488,-1.997256
356,L241V_N242T,9.63381631353,9.89001530747,0,7.01027535103,-2.06146069003,0.988702085231,-2.6818396992,-0.0723124721722,1.68915150072,-1.87220613121,3.08692700981,3.222072
77,L241E_N242V,9.63731823926,9.8935172332,1,2.58722185524,-0.586577857273,0.13138330464,0.0552580874105,-0.627041472049,2.78043612835,1.73475812668,3.96783118366,-1.102488
236,L241N_N242T,9.68407461925,9.94027361319,3,4.70544738178,-1.49843744121,1.94131056153,-0.37186484578,-0.872710907881,1.87618016928,1.59958339939,3.06020827449,-1.119576
149,L241I_N242L,9.6924697158,9.94866870974,-7,14.5318518039,0.748635927409,7.58503665449,-17.7938159959,1.77968272423,0.988801656386,-4.86257689756,1.76674453028,4.54356
396,L241Y_N242T,9.70494321637,9.96114221031,0,-0.720240684574,-0.455098037346,1.38417307787,0.887980124364,0.0241872900688,1.55880551907,2.05104257963,3.02331948814,1.587776
116,L241G_N242T,9.89465764485,10.1508566388,0,9.72999245797,-1.99309424671,1.45812356377,-6.05197844822,0.303764599169,2.52136041653,-2.4981725226,4.57628363762,1.609436
256,L241P_N242T,9.89711960643,10.1533186004,-1,4.57906210591,2.46336607238,1.74607953049,-3.9423846844,-0.0162759668913,1.27420052485,-0.234934599126,2.90128776085,0.761814
169,L241K_N242L,9.91378389439,10.1699828883,-7,15.5084322941,-1.36651117582,8.42815551845,-16.7024630157,2.28981953422,0.866495922506,-2.5252921581,1.62480445403,1.665212
277,L241Q_N242V,10.0502877898,10.3064867837,1,0.333651485058,0.277419067909,0.794941031358,0.00250130373934,-0.675000301242,2.90113415345,1.7863333533,4.20322456205,-0.214948
138,L241H_N242W,10.1480701837,10.4042691776,1,-7.55777204375,2.02907980419,0.870422493201,1.8795619857,-0.779782410026,0.456887542934,6.84066994638,1.83741295018,4.10496
136,L241H_N242T,10.3556293779,10.6118283718,2,2.40740846736,0.421453012282,1.08770172494,-0.31755622405,-0.470219429076,1.60924087063,0.413122877309,2.87403918639,2.03938
216,L241M_N242T,10.3675788155,10.6237778095,1,3.78675303055,-1.06840309277,0.987467673118,-2.05780765254,0.67434355094,1.70953922445,0.757224953822,3.53479974436,1.761738
7,L241A_N242I,10.3814680729,10.6376670668,0,6.45303855268,-1.46809142122,1.16637483665,-5.12553719242,0.216922094044,2.79013222129,-2.80435262691,4.17690490544,4.568788
197,L241L_N242V,10.4332567885,10.6894557824,1,1.41384068903,2.08461925345,1.16212261392,-3.16725669879,-0.0846683064664,2.90028355429,-3.07326359019,4.08429794665,4.341648
287,L241R_N242I,10.4870796819,10.7432786758,1,-0.381716492167,-0.118439567672,0.29800514917,0.464700908474,-1.11315856562,2.91611829644,1.12136240262,4.37294965408,2.372584
67,L241E_N242I,10.529938543,10.7861375369,2,-0.291297961753,0.580566953667,-0.0535728621809,0.203180738491,-0.244585552181,2.81268449912,3.59200723235,4.18663769027,-0.900576
349,L241V_N242L,10.6026514423,10.8588504362,-6,16.8918334759,0.2670145058,8.13223211949,-19.155816446,1.96600232034,0.944960368606,-4.93846811624,1.80694422047,4.341648
307,L241S_N242I,10.6303942257,10.8865932197,0,6.00042950574,-1.41667426321,0.271784628538,-3.48857933305,0.26080392344,3.01601625793,-2.17638815396,4.40260504044,3.35207
129,L241H_N242L,10.7069110675,10.9631100615,-6,12.1769323299,-0.567739525655,8.40057492387,-16.8804280239,2.1246768994,0.875209811606,-0.449843740018,1.65053630468,3.158956
87,L241F_N242I,10.738726375,10.9949253689,1,-3.13663785761,1.10509330822,1.09528843869,-2.22079921241,-0.450877571679,2.78767884681,2.02569565933,4.53131438474,4.260044
177,L241K_N242V,10.7834997143,11.0396987082,0,1.02944149239,0.449580261893,0.980614617474,-0.450555381236,-0.2427135251,2.79497749493,-0.51362359992,3.94298072089,2.102244
237,L241N_N242V,10.785027276,11.0412262699,2,-1.21642832604,1.11596622816,0.817628129693,1.44803951469,-0.29497945305,3.09332387321,0.614967440338,4.25334223077,0.437032
117,L241G_N242V,10.7853308824,11.0415298763,0,8.47987457025,-1.80777106792,1.22566765287,-6.19999056065,-0.17198015055,3.75166501833,-3.8181022623,5.74687900954,3.166044
137,L241H_N242V,10.9342416377,11.1904406317,1,-1.11707655669,0.507840273741,0.69975558738,-0.836892006597,-0.834686823717,2.81748830519,1.33958016437,3.89413017457,3.595988
267,L241Q_N242I,10.9614660883,11.2176650822,1,1.67588395076,-1.08292538584,0.789484666675,-0.749416256132,-0.289540240926,2.94914100938,2.73777811322,4.38856223914,-0.013036
207,L241M_N242I,10.9773802767,11.2335792706,0,-0.0283829482037,0.155298529369,0.767444567175,-1.78687395878,0.0283404716906,2.95301195335,-0.0616206742038,4.85370505559,3.520258
309,L241S_N242L,11.0064641636,11.2626631575,-7,19.1497217027,-2.04426095122,7.82342862352,-19.0348022736,2.10266012641,1.03731603275,-2.72953275232,1.84592181586,2.713126
157,L241I_N242V,11.1511000982,11.4072990921,0,-0.688671265986,2.86138263663,0.475938116789,-2.08024993769,0.209969270611,2.93143972499,-2.4591055234,4.00646630133,4.980592
357,L241V_N242V,11.1536170941,11.409816088,1,1.53375306997,2.50516292873,0.527618421614,-2.59501764041,-0.408187343071,2.88577086283,-3.06604106112,4.05713536939,4.77868
96,L241F_N242T,11.4135917998,11.6697907937,0,1.17908032385,-1.1447845965,1.65242160218,-0.133293732456,-0.174953903862,1.54825392239,2.49834078443,3.15109860567,2.501524
27,L241C_N242I,11.484696513,11.740895507,0,5.01549255947,-0.277072190222,0.798094645799,-3.77806040873,0.244517932102,2.82445533635,-2.2063109237,4.53408184336,3.90889
187,L241L_N242I,11.5439648325,11.8001638265,1,2.83773829636,0.76037634439,1.41049130193,-3.35555546062,-0.448107245295,2.94474990489,-2.16926743905,4.27334432463,4.54356
109,L241G_N242L,11.5724166338,11.8286156277,-7,19.2441414543,-0.994293176911,8.08477420846,-20.6008229515,1.73707182778,1.78664447538,-3.87287466369,3.37573033414,2.729012
107,L241G_N242I,11.6132797035,11.8694786974,0,6.87001442802,-1.0844300721,1.08807401783,-5.80306056667,0.041656754669,3.76052624046,-2.92558773573,5.89841527185,3.367956
167,L241K_N242I,11.7466904013,12.0028893953,0,2.52147149945,-0.834326953379,1.12168586724,-1.35935904914,-0.0476256953476,2.85352336103,0.458667133518,4.15678232706,2.304156
369,L241W_N242L,11.8025700449,12.0587690388,-6,8.82987037584,1.43898449291,8.39548472819,-15.609734908,1.4043057508,0.803561608438,-0.399089404406,1.60012746169,4.85062
249,L241P_N242L,11.806581223,12.0627802169,-8,17.2601800084,1.65962671932,9.21727642945,-19.8808423452,2.6983240807,0.621963856283,-3.56879055517,1.46326890329,1.88139
147,L241I_N242I,11.8817795582,12.1379785522,-3,6.87846876345,-0.0380720425805,4.27943148421,-9.75084626999,0.229411396428,3.04769988362,-3.00807308263,4.11031501184,5.182504
57,L241D_N242V,11.9187632033,12.1749621973,0,3.62672183189,-1.48931073011,1.40645475699,0.131316277371,0.0186949406876,2.87894978247,1.41326558513,3.92571460452,-0.440648
217,L241M_N242V,12.0479624448,12.3041614388,0,3.92462614559,-0.618212499443,0.940760114473,-2.88754433431,-0.171960615438,2.93911670444,-0.565688932616,4.71593877279,3.318346
329,L241T_N242L,12.0700734358,12.3262724297,-7,18.9633272536,-2.27775523415,7.74129425028,-17.2818520163,2.38457310844,1.05987755195,-3.21160409526,1.78549513041,2.78504
257,L241P_N242V,12.0884279351,12.344626929,-1,4.44381353839,2.13385423419,1.51781548966,-4.76997495628,0.471778471493,2.56095929106,-1.18990424985,3.71511080597,2.318422
209,L241M_N242L,12.1527840621,12.4089830561,-7,12.9869269249,-0.524055542026,7.62655725029,-16.8908697883,2.28437063981,0.973295796796,0.335579010401,2.33399133357,2.881314
227,L241N_N242I,12.1532307099,12.4094297038,1,1.72339804681,-1.02465707232,1.14137046167,0.0531178708625,-0.143877159055,3.13887735386,1.74568834796,4.470024109,0.638944
49,L241D_N242L,12.1709157497,12.4271147437,-7,15.6679072974,-1.00048769566,8.55203706912,-14.8527778865,2.11289005868,0.928379094886,0.0467098233223,1.5657996125,-0.87768
327,L241T_N242I,12.5645334886,12.8207324825,-2,10.3241917147,-0.262096221731,3.77067149499,-9.53410157026,0.635124479448,3.06222277607,-3.87959226413,4.15332761521,3.423984
127,L241H_N242I,12.5801773216,12.8363763156,1,-2.14845299455,0.790634750435,0.628278333511,-0.296111881488,-0.448876736721,2.84320396607,2.66923952059,4.22909154151,3.7979
47,L241D_N242I,12.6363319242,12.8925309182,0,1.68883671906,-0.985357542658,1.37289413673,0.812485353105,0.240135247003,2.90499619855,2.22718993886,4.07936746415,-0.238736
97,L241F_N242V,12.698397437,12.9545964309,0,-1.55164279224,2.35100095619,1.24411931834,-2.19724184938,-0.0187031845173,2.77514465774,1.1853173378,4.32839813803,4.058132
376,L241W_N242T,12.9182881737,13.1744871676,0,0.815114074446,-1.13208650084,1.34468224231,0.939748662537,0.0845525152076,1.5664547224,2.36185731905,2.87578694129,3.731044
377,L241W_N242V,13.3528267136,13.6090257076,1,-1.07077301358,1.34796879728,1.0528785491,-1.32816990227,-0.611354906827,2.7729376809,1.05824837619,3.97153231938,5.287652
347,L241V_N242I,13.460990247,13.717189241,-2,9.52034792824,0.116545308907,4.43811437352,-10.8773204945,0.739695983725,2.9765724138,-3.52062897342,4.25120116721,4.980592
229,L241N_N242L,13.5166016876,13.7728006816,-6,14.4151119176,-0.789788357085,8.10790100447,-15.335050125,2.19507175525,1.16601904728,1.79055159875,1.92925194305,0.0
337,L241T_N242V,13.7744808356,14.0306798295,1,5.59241138117,-0.103887588081,0.670161480051,-1.91585120438,0.357694915143,3.00676860099,-1.86594593144,4.11283712722,3.222072
367,L241W_N242I,14.282241751,14.538440745,1,-5.98320047718,3.79874908154,0.61283069143,0.761695378157,-0.312117632943,2.80842811923,2.09799053923,4.1849811405,5.489564
247,L241P_N242I,14.3648785021,14.621077496,-1,6.09713104698,1.29101001074,2.41213790149,-5.9622335421,0.517480579229,2.64549551415,-0.0362477940175,3.95708446595,2.520334
252,L241P_N242P,33.915432187,34.171631181,-6,30.2171807851,17.5151141773,5.91609173156,-22.4132918593,3.05150703454,3.3923591215,-2.02010116307,-4.1921719568,-0.141836
312,L241S_N242P,193.100141502,193.356340496,4,-0.751133077944,154.388664192,-1.16004624126,-4.44511950026,0.506232460078,5.06681576829,16.1228801801,3.087985728,0.6899
212,L241M_N242P,193.725690643,193.981889637,6,-5.28833395156,154.370735823,-0.914978408917,-3.13768628105,0.00589764138681,5.02137149804,19.6551070163,3.23784849157,0.858088
12,L241A_N242P,195.572918749,195.829117743,3,-2.49788923141,154.347383303,-0.601115599316,-4.50032319124,-0.346040731577,4.68090427842,19.455285484,3.25710984148,1.906618
172,L241K_N242P,196.712096244,196.968295238,5,-5.29980370201,155.774272089,-0.786609468878,-3.05644024318,-0.29622102486,4.59682293375,22.7990827707,3.60750782713,-0.358014
232,L241N_N242P,196.829643007,197.085842001,6,-6.40764229869,155.061104756,-0.777016824072,0.0236549321467,-1.27843318046,4.7605326364,24.8076419802,3.71432828894,-2.023226
52,L241D_N242P,197.173791136,197.42999013,7,-4.86742503148,154.342536639,-1.57102018777,0.103702575379,-1.73174800102,4.76268069297,25.6664239058,3.96098630158,-2.900906
332,L241T_N242P,197.25458344,197.510782434,4,-2.98112623422,156.669078511,-0.527011686221,-2.48228025288,-0.387595055679,4.67602838411,19.0421603668,3.92875089338,0.761814
32,L241C_N242P,197.711924821,197.968123815,3,-2.78536005641,153.348380239,-0.122053603392,-3.66411745659,-0.0691526919393,4.85840436782,22.2577201584,3.64695490824,1.24672
292,L241R_N242P,198.229598596,198.48579759,4,-7.88142599517,153.250240942,-1.40263024884,-0.172695350728,-1.15134894719,4.81686461326,27.2241225042,3.33702463702,-0.289586
352,L241V_N242P,198.931072823,199.187271817,4,-4.77881578585,158.847166349,-0.755893262463,-3.03255212113,-0.41295901162,4.49759431938,19.598842707,4.13661551332,2.318422
92,L241F_N242P,199.414916087,199.671115081,3,-7.94803424138,157.793939587,-0.331803856813,-3.58434126063,-1.02485953277,4.12754177519,26.827577414,3.61423811021,1.597874
72,L241E_N242P,200.148990484,200.405189478,4,-6.86840079886,156.498051268,-2.19361837065,2.26405115778,-1.6853617783,4.09840615247,29.3768379681,3.94356264152,-3.562746
392,L241Y_N242P,200.155213634,200.411412628,2,-8.17018778768,161.413506094,-0.36433913647,-3.02520507293,-0.635217798687,3.4770881939,24.5992606205,3.96330657633,0.684126
372,L241W_N242P,201.072127904,201.328326898,3,-9.5507525874,157.580771103,-0.283269082265,-1.36017557282,-0.894366258043,4.24538016713,26.2138741017,3.48068956254,2.827394
152,L241I_N242P,202.96611825,203.222317244,4,-5.70125991741,156.437442657,-0.749122485708,-2.72556226954,-0.602542237271,5.41959095297,24.0130093697,4.49272777779,2.520334
132,L241H_N242P,203.441100293,203.697299287,3,-4.74838071531,161.144212429,-0.0531515941853,-3.4136208132,-1.20380055625,3.61866480246,25.475881784,4.01226830248,1.13573
272,L241Q_N242P,205.229062029,205.485261023,1,-4.03272975239,162.973841144,-1.22420188694,-0.633409725445,-0.478200573537,3.2964779979,25.9235047787,4.19801291133,-2.675206
192,L241L_N242P,210.783463977,211.039662971,0,-3.89482602137,168.595135781,-0.427503414923,-2.48871115392,0.867270512767,3.74297235819,19.4955538645,3.95063218752,1.88139
