,mutations_made,dG,d_hbonds
145,L241I_N242G,-4.29144285055,1
262,L241Q_N242D,-2.56745578528,4
151,L241I_N242N,-2.18366011106,1
271,L241Q_N242N,-2.15747990701,4
391,L241Y_N242N,-1.71290082837,3
385,L241Y_N242G,-1.667109695,1
305,L241S_N242G,-1.46342443808,0
5,L241A_N242G,-1.35854690345,0
65,L241E_N242G,-1.27679802301,0
345,L241V_N242G,-1.2572445798,1
105,L241G_N242G,-1.11972583247,0
25,L241C_N242G,-1.059995633,0
185,L241L_N242G,-1.00865949248,0
165,L241K_N242G,-1.00313866207,0
265,L241Q_N242G,-0.85938053439,0
325,L241T_N242G,-0.833537069081,0
285,L241R_N242G,-0.729653735885,1
331,L241T_N242N,-0.667240577573,2
205,L241M_N242G,-0.627768531223,1
382,L241Y_N242D,-0.464798301271,3
71,L241E_N242N,-0.461689825647,1
45,L241D_N242G,-0.445148361737,1
11,L241A_N242N,-0.422834780512,0
91,L241F_N242N,-0.320040475829,3
191,L241L_N242N,-0.256198993723,2
399,L241Y_N242Y,-0.245554998783,5
171,L241K_N242N,-0.220443094251,1
291,L241R_N242N,-0.204466439036,1
311,L241S_N242N,-0.154772957745,0
225,L241N_N242G,0.0236878796602,2
73,L241E_N242Q,0.060982197061,4
142,L241I_N242D,0.0730701700592,0
6,L241A_N242H,0.254920175282,0
31,L241C_N242N,0.258940446467,0
85,L241F_N242G,0.306785255162,0
351,L241V_N242N,0.333954306666,2
125,L241H_N242G,0.385869005658,0
19,L241A_N242Y,0.396993869039,1
306,L241S_N242H,0.410535621737,2
111,L241G_N242N,0.430283249275,0
211,L241M_N242N,0.532702217676,0
302,L241S_N242D,0.682384121789,0
2,L241A_N242D,0.925976153936,0
282,L241R_N242D,0.947682686929,1
140,L241I_N242A,1.02551282015,0
342,L241V_N242D,1.05121371357,0
162,L241K_N242D,1.09494560356,1
99,L241F_N242Y,1.15516915182,4
299,L241R_N242Y,1.17099231231,3
379,L241W_N242Y,1.1951653974,3
199,L241L_N242Y,1.19953341665,1
4,L241A_N242F,1.25835848669,1
380,L241Y_N242A,1.28685700528,1
286,L241R_N242H,1.32030126287,1
322,L241T_N242D,1.40502554662,0
131,L241H_N242N,1.44413416957,1
62,L241E_N242D,1.44871947058,0
13,L241A_N242Q,1.46846814266,0
219,L241M_N242Y,1.48755300346,0
313,L241S_N242Q,1.49358365697,0
231,L241N_N242N,1.61699806196,1
182,L241L_N242D,1.68038972894,0
8,L241A_N242K,1.73880573097,0
82,L241F_N242D,1.75508302131,2
279,L241Q_N242Y,1.79236713865,1
184,L241L_N242F,1.82577116225,1
22,L241C_N242D,1.82827509808,0
206,L241M_N242H,1.83650485345,0
106,L241G_N242H,1.89469230677,0
381,L241Y_N242C,1.90795644612,1
161,L241K_N242C,1.92615281798,0
51,L241D_N242N,1.94693896635,0
341,L241V_N242C,1.95453230914,1
371,L241W_N242N,1.98666213719,3
202,L241M_N242D,2.08531032335,0
245,L241P_N242G,2.09019841298,-1
33,L241C_N242Q,2.11393529953,0
308,L241S_N242K,2.11617026427,0
273,L241Q_N242Q,2.12222963621,1
102,L241G_N242D,2.12964488177,0
251,L241P_N242N,2.14014681294,-1
301,L241S_N242C,2.14332291394,0
226,L241N_N242H,2.21067745198,2
266,L241Q_N242H,2.25268076114,1
326,L241T_N242H,2.26609834932,1
61,L241E_N242C,2.35324359094,0
365,L241W_N242G,2.35633251734,0
1,L241A_N242C,2.37519565081,0
319,L241S_N242Y,2.43245847844,0
153,L241I_N242Q,2.49761865722,0
146,L241I_N242H,2.51739898667,0
222,L241N_N242D,2.52538928998,2
141,L241I_N242C,2.5300694518,0
39,L241C_N242Y,2.57551378397,1
261,L241Q_N242C,2.61244811078,0
10,L241A_N242M,2.62258240881,0
186,L241L_N242H,2.62472028691,0
113,L241G_N242Q,2.64330877706,0
275,L241Q_N242S,2.64571741376,3
281,L241R_N242C,2.64937064066,1
181,L241L_N242C,2.65097115504,0
248,L241P_N242K,2.66932126983,-1
3,L241A_N242E,2.68851764137,0
21,L241C_N242C,2.6944257486,0
201,L241M_N242C,2.69661152208,1
79,L241E_N242Y,2.77705173888,2
66,L241E_N242H,2.78894105928,0
233,L241N_N242Q,2.79537776454,2
310,L241S_N242M,2.85951717586,0
160,L241K_N242A,2.87282353682,0
321,L241T_N242C,2.87909872026,0
70,L241E_N242M,2.89723916601,1
80,L241F_N242A,2.94010638772,1
390,L241Y_N242M,2.95319139006,1
24,L241C_N242F,2.99819719013,1
28,L241C_N242K,3.00288852596,0
60,L241E_N242A,3.00430324063,0
293,L241R_N242Q,3.00546358643,1
173,L241K_N242Q,3.02520037494,0
150,L241I_N242M,3.03247338292,0
304,L241S_N242F,3.03323848818,1
246,L241P_N242H,3.04790407925,-1
108,L241G_N242K,3.07485289543,0
320,L241T_N242A,3.08811024085,0
26,L241C_N242H,3.1117545948,0
340,L241V_N242A,3.11240176894,1
46,L241D_N242H,3.11431397592,1
303,L241S_N242E,3.12827853086,0
48,L241D_N242K,3.15549477902,0
300,L241S_N242A,3.20308084503,0
204,L241M_N242F,3.2079630455,0
112,L241G_N242P,3.23941421699,-1
284,L241R_N242F,3.26257685274,1
193,L241L_N242Q,3.2744193035,0
170,L241K_N242M,3.29123561295,1
101,L241G_N242C,3.33331909185,0
346,L241V_N242H,3.34256966989,1
213,L241M_N242Q,3.3464915756,0
228,L241N_N242K,3.34822698463,2
242,L241P_N242D,3.37397171392,-2
103,L241G_N242E,3.37586843401,0
221,L241N_N242C,3.39741557957,2
20,L241C_N242A,3.42284229738,0
260,L241Q_N242A,3.42746918028,0
119,L241G_N242Y,3.45307101314,0
180,L241L_N242A,3.46477982568,0
90,L241F_N242M,3.5020407263,1
175,L241K_N242S,3.51525866953,1
30,L241C_N242M,3.51690121019,0
270,L241Q_N242M,3.52752597062,1
0,L241A_N242A,3.54767687314,0
280,L241R_N242A,3.60244669267,1
210,L241M_N242M,3.62630070703,0
195,L241L_N242S,3.63354149343,1
190,L241L_N242M,3.64784857415,1
42,L241D_N242D,3.66157003037,1
122,L241H_N242D,3.66833166065,0
63,L241E_N242E,3.77263291078,2
110,L241G_N242M,3.77494023151,0
53,L241D_N242Q,3.80096733827,1
200,L241M_N242A,3.84935109292,0
179,L241K_N242Y,3.85786475458,0
100,L241G_N242A,3.86636557511,0
155,L241I_N242S,3.9003895699,0
75,L241E_N242S,3.92943859576,0
378,L241W_N242W,3.93472766484,1
93,L241F_N242Q,3.93952446314,1
384,L241Y_N242F,3.94129641412,0
383,L241Y_N242E,3.94221825151,1
290,L241R_N242M,3.95708489506,1
23,L241C_N242E,4.02657541053,0
230,L241N_N242M,4.03282131573,2
15,L241A_N242S,4.04020048556,0
250,L241P_N242M,4.06627209798,-1
362,L241W_N242D,4.07074535326,2
315,L241S_N242S,4.08134339938,0
59,L241D_N242Y,4.08431821165,1
220,L241N_N242A,4.08908650576,3
259,L241P_N242Y,4.09609455585,-1
268,L241Q_N242K,4.12195639462,1
41,L241D_N242C,4.14679919173,1
239,L241N_N242Y,4.17962251392,0
335,L241T_N242S,4.18223328352,0
263,L241Q_N242E,4.22797483467,1
135,L241H_N242S,4.26401818647,2
166,L241K_N242H,4.27604911307,0
35,L241C_N242S,4.28551514082,0
120,L241H_N242A,4.32263623312,0
14,L241A_N242R,4.3376042618,0
353,L241V_N242Q,4.35036907041,1
283,L241R_N242E,4.37884398018,1
235,L241N_N242S,4.37939274678,3
104,L241G_N242F,4.38479832328,0
183,L241L_N242E,4.40348055259,0
364,L241W_N242F,4.43625769543,1
133,L241H_N242Q,4.44782640951,2
223,L241N_N242E,4.5444066786,2
355,L241V_N242S,4.58945739762,0
295,L241R_N242S,4.5997192827,1
241,L241P_N242C,4.60378198488,-1
314,L241S_N242R,4.65570438455,0
84,L241F_N242F,4.70656633036,0
18,L241A_N242W,4.72080546846,0
81,L241F_N242C,4.75764036018,1
333,L241T_N242Q,4.79426184934,1
44,L241D_N242F,4.8396970721,1
203,L241M_N242E,4.85005543043,0
393,L241Y_N242Q,4.87648618229,1
40,L241D_N242A,4.87729017796,1
288,L241R_N242K,4.87886522871,1
188,L241L_N242K,4.89627961924,0
224,L241N_N242F,4.9062370375,0
55,L241D_N242S,4.91467461439,1
244,L241P_N242F,5.07658604849,-1
208,L241M_N242K,5.13552765548,0
388,L241Y_N242K,5.1653575215,1
394,L241Y_N242R,5.17629820279,1
386,L241Y_N242H,5.26848554841,-2
350,L241V_N242M,5.29938347734,1
98,L241F_N242W,5.35175570657,-1
198,L241L_N242W,5.36146323858,1
243,L241P_N242E,5.37199540322,-1
83,L241F_N242E,5.39460311344,1
50,L241D_N242M,5.42806844492,1
115,L241G_N242S,5.45266259628,0
34,L241C_N242R,5.47724143988,0
121,L241H_N242C,5.49370730464,0
366,L241W_N242H,5.52520547827,1
395,L241Y_N242S,5.5339025413,0
194,L241L_N242R,5.54062219027,1
339,L241T_N242Y,5.57508891216,1
143,L241I_N242E,5.58735898385,1
343,L241V_N242E,5.62245631153,1
78,L241E_N242W,5.65611399293,2
114,L241G_N242R,5.68370820985,0
95,L241F_N242S,5.69591068339,1
253,L241P_N242Q,5.71719588288,-1
118,L241G_N242W,5.72926611373,0
139,L241H_N242Y,5.73412118714,1
218,L241M_N242W,5.7739343661,0
163,L241K_N242E,5.83789489572,0
298,L241R_N242W,5.84288598698,1
88,L241F_N242K,5.8998876723,1
264,L241Q_N242F,5.90429528478,-3
234,L241N_N242R,5.94147696546,2
168,L241K_N242K,5.9989229399,1
359,L241V_N242Y,6.02664889481,1
215,L241M_N242S,6.05737968114,1
361,L241W_N242C,6.12337507689,1
130,L241H_N242M,6.1592795426,0
126,L241H_N242H,6.17164578745,1
86,L241F_N242H,6.19450952896,-2
330,L241T_N242M,6.19564404104,0
294,L241R_N242R,6.2345472211,1
43,L241D_N242E,6.28234371213,0
360,L241W_N242A,6.30826121603,0
214,L241M_N242R,6.39751334684,0
389,L241Y_N242L,6.42108037232,-6
74,L241E_N242R,6.4302389286,1
144,L241I_N242F,6.45243905721,0
240,L241P_N242A,6.48484201705,-1
373,L241W_N242Q,6.54981665753,1
123,L241H_N242E,6.56247601096,0
370,L241W_N242M,6.5738267928,1
278,L241Q_N242W,6.69658162994,1
334,L241T_N242R,6.69798730318,1
318,L241S_N242W,6.76447058468,0
323,L241T_N242E,6.77926885422,1
134,L241H_N242R,6.78399288575,0
174,L241K_N242R,6.79243689395,0
64,L241E_N242F,6.9131800762,-2
238,L241N_N242W,6.93133401009,2
54,L241D_N242R,6.95510830877,0
328,L241T_N242K,6.96877513911,1
255,L241P_N242S,6.97859823219,-1
94,L241F_N242R,7.12758144693,0
68,L241E_N242K,7.19807631155,0
148,L241I_N242K,7.22686663976,0
276,L241Q_N242T,7.27262565368,3
354,L241V_N242R,7.36410726327,1
154,L241I_N242R,7.37336145134,0
348,L241V_N242K,7.5082207472,1
363,L241W_N242E,7.57215061143,1
38,L241C_N242W,7.67695229069,0
254,L241P_N242R,7.70374372122,-1
258,L241P_N242W,7.70760740596,-1
159,L241I_N242Y,7.74085092141,1
58,L241D_N242W,7.87417027551,1
398,L241Y_N242W,7.92753789415,0
274,L241Q_N242R,8.00103592602,0
309,L241S_N242L,8.08811135478,-7
17,L241A_N242V,8.13087805385,1
76,L241E_N242T,8.18212849379,0
156,L241I_N242T,8.1822908236,0
236,L241N_N242T,8.18873645015,4
176,L241K_N242T,8.204483499,0
375,L241W_N242S,8.21532894202,0
36,L241C_N242T,8.25302086231,1
316,L241S_N242T,8.32973172137,0
344,L241V_N242F,8.33120871553,-3
16,L241A_N242T,8.36198293818,0
89,L241F_N242L,8.38307238529,-6
336,L241T_N242T,8.38357718812,0
56,L241D_N242T,8.51909142429,2
189,L241L_N242L,8.53354903875,-6
289,L241R_N242L,8.61938739392,-6
164,L241K_N242F,8.67663805882,-2
29,L241C_N242L,8.73641338441,-7
368,L241W_N242K,8.77340507977,1
374,L241W_N242R,8.78528115702,1
317,L241S_N242V,8.79477601221,1
128,L241H_N242K,8.80929696322,0
296,L241R_N242T,8.83893617355,1
269,L241Q_N242L,8.89524716789,-6
109,L241G_N242L,8.89657571467,-7
69,L241E_N242L,8.91661552454,-6
297,L241R_N242V,8.99165915317,1
158,L241I_N242W,9.04453164225,0
196,L241L_N242T,9.04843667189,0
358,L241V_N242W,9.07320712613,1
338,L241T_N242W,9.13014167541,1
178,L241K_N242W,9.17121551406,0
387,L241Y_N242I,9.1889825098,1
324,L241T_N242F,9.23252336574,-3
37,L241C_N242V,9.25836566463,1
397,L241Y_N242V,9.53049494484,1
77,L241E_N242V,9.63731823947,1
209,L241M_N242L,9.65163909752,-7
149,L241I_N242L,9.69246971686,-7
396,L241Y_N242T,9.70494321715,0
136,L241H_N242T,9.74778560046,2
124,L241H_N242F,9.85840601759,-2
116,L241G_N242T,9.89465764458,0
256,L241P_N242T,9.8971196065,-1
169,L241K_N242L,9.91378389444,-7
356,L241V_N242T,9.92723759612,0
277,L241Q_N242V,10.0502877898,1
9,L241A_N242L,10.1231480295,-7
138,L241H_N242W,10.1480701855,1
216,L241M_N242T,10.3675788153,1
7,L241A_N242I,10.3814680733,0
197,L241L_N242V,10.4332567881,1
287,L241R_N242I,10.4870796819,1
67,L241E_N242I,10.529938543,2
349,L241V_N242L,10.6026514419,-6
307,L241S_N242I,10.6303835543,0
129,L241H_N242L,10.6534387177,-7
187,L241L_N242I,10.6718809507,0
87,L241F_N242I,10.7387263753,1
177,L241K_N242V,10.7834995859,0
237,L241N_N242V,10.7850272926,2
117,L241G_N242V,10.7853308826,0
229,L241N_N242L,10.8911559043,-5
137,L241H_N242V,10.934241638,1
267,L241Q_N242I,10.9614660887,1
207,L241M_N242I,10.9773802774,0
357,L241V_N242V,11.1392681451,1
96,L241F_N242T,11.4135918002,0
27,L241C_N242I,11.484696513,0
107,L241G_N242I,11.6132797031,0
167,L241K_N242I,11.7466904018,0
369,L241W_N242L,11.8025700442,-6
147,L241I_N242I,11.8817794705,-3
57,L241D_N242V,11.9187632032,0
217,L241M_N242V,12.0479624441,0
329,L241T_N242L,12.0700734365,-7
157,L241I_N242V,12.0730607676,0
257,L241P_N242V,12.0884279333,-1
227,L241N_N242I,12.1532307099,1
327,L241T_N242I,12.5645334886,-2
127,L241H_N242I,12.5801773219,1
47,L241D_N242I,12.6363319248,0
97,L241F_N242V,12.6983974368,0
376,L241W_N242T,12.9182881736,0
377,L241W_N242V,13.3528267125,1
347,L241V_N242I,13.4609902467,-2
247,L241P_N242I,13.4780132336,-2
337,L241T_N242V,13.7744808358,1
49,L241D_N242L,13.8384997364,-7
367,L241W_N242I,14.2822417509,1
249,L241P_N242L,16.1647209168,-8
252,L241P_N242P,34.8986553605,-5
292,L241R_N242P,190.97550986,6
312,L241S_N242P,193.100141502,4
212,L241M_N242P,194.526402066,5
52,L241D_N242P,194.851262,7
12,L241A_N242P,195.572918749,3
272,L241Q_N242P,195.764419307,5
172,L241K_N242P,196.550944099,5
232,L241N_N242P,196.826624842,6
332,L241T_N242P,197.123660585,4
32,L241C_N242P,197.707130828,3
352,L241V_N242P,198.757443974,4
92,L241F_N242P,199.192834892,3
72,L241E_N242P,200.148897729,4
392,L241Y_N242P,200.155208662,2
372,L241W_N242P,200.68351646,4
132,L241H_N242P,203.441093303,3
192,L241L_N242P,205.308751781,0
152,L241I_N242P,205.601555435,4
