,pose_num,pdb_num,orig_res,mutation,dG
30,90,95,Y,M,-6.74722822332
7,86,91,E,I,-3.63950674142
92,102,107,L,P,-2.68628762476
177,167,172,H,V,-2.184862486
73,98,103,W,Q,-1.96591510154
63,98,103,W,E,-1.95064757902
68,98,103,W,K,-1.71603677909
113,107,112,T,Q,-1.51121014295
98,102,107,L,W,-1.50982490799
87,102,107,L,I,-1.4984855983
146,111,116,K,H,-1.48312505128
69,98,103,W,L,-1.45967934111
62,98,103,W,D,-1.3645251246
60,98,103,W,A,-1.20299658186
70,98,103,W,M,-1.16199504263
74,98,103,W,R,-1.08845924973
149,111,116,K,L,-0.998880702684
33,90,95,Y,Q,-0.80448465621
71,98,103,W,N,-0.769383874557
61,98,103,W,C,-0.747243829554
0,86,91,E,A,-0.574137419549
103,107,112,T,E,-0.54384035361
158,111,116,K,W,-0.462767200888
76,98,103,W,T,-0.459715760485
75,98,103,W,S,-0.38585931458
24,90,95,Y,F,-0.292805000296
49,94,99,M,L,-0.182011329556
65,98,103,W,G,-0.0961101530268
101,107,112,T,C,-0.0492940512599
163,167,172,H,E,-0.0130153741163
116,107,112,T,T,-0.00605135593412
89,102,107,L,L,0.0360055934469
18,86,91,E,W,0.0408225661901
162,167,172,H,D,0.0507654662886
3,86,91,E,E,0.0733340854053
50,94,99,M,M,0.0847509362885
78,98,103,W,W,0.122672603647
110,107,112,T,M,0.206757125554
2,86,91,E,D,0.2079889463
115,107,112,T,S,0.212957817669
1,86,91,E,C,0.221178573029
77,98,103,W,V,0.229199847292
153,111,116,K,Q,0.258117206489
66,98,103,W,H,0.294507351675
38,90,95,Y,W,0.315983082594
39,90,95,Y,Y,0.357318727964
109,107,112,T,L,0.359068701453
166,167,172,H,H,0.402933733156
15,86,91,E,S,0.408487367799
90,102,107,L,M,0.423914575175
122,108,113,D,D,0.441208624818
13,86,91,E,Q,0.550940158175
67,98,103,W,I,0.566406774096
151,111,116,K,N,0.613494124078
140,111,116,K,A,0.651866486724
100,107,112,T,A,0.656181682727
79,98,103,W,Y,0.663748966282
93,102,107,L,Q,0.702930467956
99,102,107,L,Y,0.712834585837
141,111,116,K,C,0.720486515271
91,102,107,L,N,0.782059969769
17,86,91,E,V,0.905682325937
178,167,172,H,W,0.929211606948
54,94,99,M,R,0.929573753368
47,94,99,M,I,0.969241832472
160,167,172,H,A,0.987525768765
40,94,99,M,A,1.06078939887
57,94,99,M,V,1.07040403212
136,108,113,D,T,1.08051782521
10,86,91,E,M,1.08810398523
117,107,112,T,V,1.10140088255
135,108,113,D,S,1.12124097263
64,98,103,W,F,1.1223049464
125,108,113,D,G,1.14627754034
6,86,91,E,H,1.1575387982
5,86,91,E,G,1.27267318978
161,167,172,H,C,1.31057692792
131,108,113,D,N,1.33985805618
107,107,112,T,I,1.40388025827
175,167,172,H,S,1.41464073813
48,94,99,M,K,1.44765428195
55,94,99,M,S,1.49950518716
26,90,95,Y,H,1.51081945311
96,102,107,L,T,1.53340141564
4,86,91,E,F,1.54428077635
36,90,95,Y,T,1.5514231637
95,102,107,L,S,1.58746584339
41,94,99,M,C,1.59359063507
133,108,113,D,Q,1.59647294219
56,94,99,M,T,1.60267470106
29,90,95,Y,L,1.60447289277
94,102,107,L,R,1.61780127703
132,108,113,D,P,1.62097870264
105,107,112,T,G,1.64714544057
20,90,95,Y,A,1.72058680255
35,90,95,Y,S,1.74342219888
144,111,116,K,F,1.80603995767
45,94,99,M,G,1.81222606235
169,167,172,H,L,1.83108578471
86,102,107,L,H,1.8454168786
80,102,107,L,A,1.8461601344
121,108,113,D,C,1.86482618944
83,102,107,L,E,1.87128672578
31,90,95,Y,N,1.88294364555
148,111,116,K,K,1.89703076674
11,86,91,E,N,1.89789307201
43,94,99,M,E,1.91222467232
21,90,95,Y,C,1.92161785568
123,108,113,D,E,1.92994396441
102,107,112,T,D,1.94381276568
81,102,107,L,C,1.9553550114
167,167,172,H,I,2.03084779688
82,102,107,L,D,2.03340536309
8,86,91,E,K,2.0688487348
172,167,172,H,P,2.08336087752
171,167,172,H,N,2.0991246163
84,102,107,L,F,2.11719888191
111,107,112,T,N,2.15699151389
19,86,91,E,Y,2.17768385151
128,108,113,D,K,2.20115509086
155,111,116,K,S,2.27900702409
58,94,99,M,W,2.30851586651
88,102,107,L,K,2.31292235962
85,102,107,L,G,2.35337460216
129,108,113,D,L,2.37106436158
16,86,91,E,T,2.3834189509
22,90,95,Y,D,2.38596199847
9,86,91,E,L,2.40542091641
154,111,116,K,R,2.48520425445
53,94,99,M,Q,2.51541678663
28,90,95,Y,K,2.55982405355
119,107,112,T,Y,2.56269471116
130,108,113,D,M,2.57115804644
156,111,116,K,T,2.62237245174
179,167,172,H,Y,2.62517082437
25,90,95,Y,G,2.67021759008
120,108,113,D,A,2.69874642973
139,108,113,D,Y,2.69946052621
27,90,95,Y,I,2.78291437181
173,167,172,H,Q,2.80283871559
72,98,103,W,P,2.8054667853
176,167,172,H,T,2.8916098111
23,90,95,Y,E,2.8930437781
12,86,91,E,P,2.91188869776
134,108,113,D,R,2.91620068817
14,86,91,E,R,2.99744507524
165,167,172,H,G,3.13284530926
137,108,113,D,V,3.176003996
114,107,112,T,R,3.21244923997
124,108,113,D,F,3.26867212272
106,107,112,T,H,3.36878040892
52,94,99,M,P,3.43965425885
104,107,112,T,F,3.48417650595
150,111,116,K,M,3.50114204072
37,90,95,Y,V,3.58244716467
143,111,116,K,E,3.60596270291
157,111,116,K,V,3.71185881372
108,107,112,T,K,3.82129635713
97,102,107,L,V,3.84964647139
34,90,95,Y,R,3.86093034172
145,111,116,K,G,3.91701485132
142,111,116,K,D,3.98476443435
118,107,112,T,W,4.05050183773
168,167,172,H,K,4.10630569711
51,94,99,M,N,4.29269230218
126,108,113,D,H,4.48165462085
164,167,172,H,F,4.50548424763
59,94,99,M,Y,4.86438012411
174,167,172,H,R,4.88240613664
42,94,99,M,D,5.10212649458
138,108,113,D,W,5.18515099865
170,167,172,H,M,5.30734217276
44,94,99,M,F,5.38120957879
159,111,116,K,Y,6.40610449372
147,111,116,K,I,6.53509954617
32,90,95,Y,P,6.62236260461
46,94,99,M,H,6.65411522638
112,107,112,T,P,7.0320207031
152,111,116,K,P,15.5414892622
127,108,113,D,I,54.6380635541
